{"type":"FeatureCollection","source":"Eurostat GISCO, CNTR_RG_20M_2020 — © EuroGeographics for the administrative boundaries","features":[{"type":"Feature","properties":{"id":"AL","name":"Albania","de":"Albanien","fr":"Albanie","eu":false},"geometry":{"type":"Polygon","coordinates":[[[19.735,42.632],[19.831,42.466],[20.076,42.556],[20.265,42.4],[20.485,42.219],[20.589,42.03],[20.59,41.985],[20.594,41.877],[20.563,41.846],[20.524,41.723],[20.537,41.668],[20.548,41.621],[20.558,41.582],[20.476,41.543],[20.54,41.404],[20.502,41.317],[20.598,41.092],[20.668,41.069],[20.737,40.931],[20.838,40.928],[20.98,40.856],[21.056,40.617],[20.779,40.349],[20.613,40.08],[20.449,40.059],[20.356,39.981],[20.391,39.788],[20.302,39.813],[20.301,39.729],[20.227,39.664],[20.009,39.691],[19.986,39.859],[19.873,40.011],[19.393,40.313],[19.467,40.434],[19.319,40.645],[19.442,41.001],[19.518,41.269],[19.429,41.369],[19.557,41.578],[19.564,41.621],[19.572,41.668],[19.589,41.779],[19.52,41.84],[19.373,41.844],[19.376,41.985],[19.378,42.082],[19.322,42.219],[19.472,42.4],[19.617,42.577],[19.727,42.632],[19.733,42.635],[19.735,42.632]]]}},{"type":"Feature","properties":{"id":"AT","name":"Austria","de":"Österreich","fr":"Autriche","eu":true},"geometry":{"type":"Polygon","coordinates":[[[15.754,48.852],[16.29,48.734],[16.56,48.806],[16.884,48.71],[16.94,48.617],[16.95,48.536],[16.851,48.439],[16.976,48.172],[17.067,48.119],[17.161,48.007],[17.033,47.714],[16.802,47.691],[16.599,47.742],[16.422,47.665],[16.665,47.598],[16.646,47.447],[16.434,47.353],[16.483,47.109],[16.439,47.016],[16.301,46.994],[16.114,46.869],[15.996,46.835],[16.015,46.673],[15.786,46.707],[15.65,46.706],[15.498,46.631],[15.402,46.654],[15.065,46.652],[14.897,46.61],[14.767,46.504],[14.675,46.451],[14.565,46.372],[14.435,46.443],[13.714,46.523],[13.504,46.566],[12.731,46.634],[12.691,46.657],[12.478,46.68],[12.163,46.917],[12.143,46.999],[12.241,47.069],[12.136,47.081],[11.775,46.983],[11.627,47.013],[11.164,46.966],[10.994,46.77],[10.665,46.863],[10.47,46.855],[10.472,46.935],[10.395,46.984],[10.145,46.851],[9.911,46.93],[9.846,47.014],[9.607,47.061],[9.621,47.152],[9.531,47.271],[9.661,47.403],[9.559,47.542],[9.968,47.546],[10,47.483],[10.114,47.374],[10.198,47.368],[10.178,47.27],[10.435,47.398],[10.454,47.556],[10.886,47.537],[10.991,47.396],[11.017,47.396],[11.421,47.445],[11.41,47.495],[11.561,47.521],[11.633,47.592],[12.061,47.619],[12.169,47.621],[12.182,47.667],[12.2,47.706],[12.338,47.697],[12.453,47.667],[12.5,47.631],[12.575,47.632],[12.599,47.667],[12.696,47.682],[12.923,47.502],[13.046,47.521],[13.079,47.667],[12.929,47.734],[12.983,47.863],[12.876,47.963],[12.86,47.997],[12.752,48.113],[12.945,48.207],[13.177,48.294],[13.393,48.372],[13.438,48.549],[13.513,48.591],[13.727,48.513],[13.808,48.611],[13.796,48.714],[13.84,48.772],[14.112,48.594],[14.344,48.563],[14.487,48.63],[14.691,48.584],[14.767,48.711],[14.94,48.791],[15.024,49.002],[15.542,48.908],[15.754,48.852]]]}},{"type":"Feature","properties":{"id":"AD","name":"Andorra","de":"Andorra","fr":"Andorre","eu":false},"geometry":{"type":"Polygon","coordinates":[[[1.786,42.574],[1.726,42.504],[1.469,42.444],[1.443,42.604],[1.505,42.632],[1.527,42.642],[1.565,42.632],[1.786,42.574]]]}},{"type":"Feature","properties":{"id":"BY","name":"Belarus","de":"Belarus","fr":"Biélorussie","eu":false},"geometry":{"type":"Polygon","coordinates":[[[31.787,52.111],[31.668,52.115],[30.956,52.075],[30.537,51.659],[30.639,51.36],[30.518,51.279],[30.184,51.498],[29.825,51.451],[29.688,51.517],[29.338,51.395],[29.114,51.637],[28.852,51.568],[28.708,51.462],[28.608,51.569],[28.359,51.559],[28.24,51.664],[28.02,51.566],[27.861,51.608],[27.739,51.49],[27.684,51.522],[27.689,51.6],[27.289,51.619],[27.167,51.768],[26.883,51.745],[25.895,51.919],[25.79,51.944],[25.417,51.922],[25.202,51.968],[24.97,51.904],[24.396,51.881],[24.317,51.83],[24.292,51.733],[24.01,51.59],[23.896,51.598],[23.764,51.662],[23.635,51.633],[23.649,51.528],[23.617,51.51],[23.545,51.723],[23.618,51.796],[23.66,52.048],[23.178,52.283],[23.46,52.54],[23.903,52.697],[23.916,52.905],[23.863,53.201],[23.589,53.696],[23.515,53.957],[24.188,53.962],[24.411,53.905],[24.625,54.002],[24.784,53.995],[24.836,54.149],[25.076,54.148],[25.238,54.251],[25.49,54.297],[25.551,54.265],[25.563,54.159],[25.77,54.177],[25.761,54.241],[25.574,54.357],[25.745,54.585],[25.75,54.806],[25.895,54.935],[26.186,54.998],[26.312,55.134],[26.666,55.164],[26.743,55.254],[26.733,55.312],[26.529,55.374],[26.63,55.681],[26.816,55.694],[27.098,55.842],[27.587,55.795],[27.677,55.933],[28.155,56.17],[28.31,56.076],[28.616,56.081],[28.788,55.969],[29.065,56.02],[29.358,55.964],[29.417,55.911],[29.401,55.786],[29.496,55.715],[29.913,55.841],[30.223,55.85],[30.479,55.792],[30.726,55.628],[30.897,55.583],[30.923,55.441],[30.857,55.28],[30.991,55.056],[30.849,54.901],[30.833,54.794],[31.072,54.65],[31.128,54.503],[31.366,54.24],[31.811,54.057],[31.814,53.816],[32.136,53.807],[32.432,53.715],[32.498,53.559],[32.705,53.422],[32.437,53.211],[32.108,53.101],[31.885,53.116],[31.634,53.214],[31.388,53.153],[31.313,53.008],[31.543,52.805],[31.539,52.65],[31.649,52.308],[31.787,52.111]]]}},{"type":"Feature","properties":{"id":"CY","name":"Cyprus","de":"Zypern","fr":"Chypre","eu":true},"geometry":{"type":"Polygon","coordinates":[[[32.274,35.066],[32.289,35.105],[32.408,35.041],[32.492,35.085],[32.554,35.175],[32.652,35.195],[32.827,35.141],[32.897,35.173],[32.937,35.268],[32.923,35.402],[32.995,35.368],[33.482,35.332],[33.652,35.358],[33.771,35.412],[33.849,35.412],[33.979,35.447],[34.126,35.507],[34.171,35.558],[34.285,35.574],[34.345,35.62],[34.543,35.681],[34.558,35.641],[34.464,35.614],[34.405,35.557],[34.279,35.479],[34.17,35.438],[34.061,35.327],[33.963,35.32],[33.905,35.256],[33.913,35.16],[34.046,35.019],[33.858,34.944],[33.776,34.98],[33.697,34.978],[33.641,34.935],[33.601,34.817],[33.259,34.707],[33.149,34.714],[33.011,34.649],[33.006,34.577],[32.938,34.57],[32.876,34.668],[32.707,34.643],[32.498,34.705],[32.409,34.767],[32.393,34.839],[32.321,34.903],[32.317,34.996],[32.274,35.066]]]}},{"type":"Feature","properties":{"id":"CZ","name":"Czechia","de":"Tschechien","fr":"Tchéquie","eu":true},"geometry":{"type":"Polygon","coordinates":[[[14.619,50.858],[14.767,50.82],[14.823,50.871],[14.977,50.878],[15.062,51.011],[15.243,50.984],[15.377,50.802],[15.535,50.779],[15.798,50.742],[16.048,50.63],[16.107,50.662],[16.392,50.603],[16.388,50.543],[16.259,50.454],[16.58,50.143],[16.714,50.116],[16.863,50.198],[16.995,50.269],[16.887,50.406],[16.908,50.449],[17.43,50.255],[17.73,50.285],[17.735,50.212],[17.652,50.14],[17.846,49.989],[18.035,50.066],[18.327,49.928],[18.576,49.91],[18.615,49.75],[18.802,49.659],[18.852,49.517],[18.575,49.497],[18.404,49.397],[18.322,49.315],[18.17,49.264],[18.069,49.049],[17.647,48.854],[17.397,48.813],[17.172,48.855],[16.94,48.617],[16.884,48.71],[16.56,48.806],[16.29,48.734],[15.754,48.852],[15.542,48.908],[15.024,49.002],[14.94,48.791],[14.767,48.711],[14.691,48.584],[14.487,48.63],[14.344,48.563],[14.112,48.594],[13.84,48.772],[13.552,48.968],[13.417,48.98],[13.366,49.067],[13.171,49.174],[12.985,49.323],[12.792,49.358],[12.634,49.476],[12.638,49.519],[12.594,49.542],[12.402,49.758],[12.551,49.905],[12.261,50.058],[12.161,50.22],[12.101,50.318],[12.322,50.208],[12.584,50.407],[12.815,50.45],[12.948,50.404],[13.056,50.501],[13.502,50.634],[13.652,50.73],[13.83,50.733],[14.363,50.903],[14.282,51],[14.318,51.055],[14.491,51.044],[14.582,50.982],[14.619,50.858]]]}},{"type":"Feature","properties":{"id":"BA","name":"Bosnia and Herzegovina","de":"Bosnien und Herzegowina","fr":"Bosnie-et-Herzégovine","eu":false},"geometry":{"type":"Polygon","coordinates":[[[17.141,45.163],[17.683,45.12],[17.833,45.059],[18.018,45.133],[18.151,45.083],[18.255,45.121],[18.53,45.088],[18.752,45.019],[18.797,44.886],[18.86,44.855],[19.022,44.855],[19.351,44.889],[19.154,44.511],[19.137,44.373],[19.497,44.099],[19.556,43.994],[19.31,43.936],[19.486,43.729],[19.498,43.636],[19.224,43.528],[19.014,43.533],[18.985,43.512],[18.959,43.46],[19.062,43.309],[19.011,43.273],[18.889,43.342],[18.694,43.243],[18.646,43.052],[18.503,42.98],[18.468,42.804],[18.566,42.659],[18.533,42.632],[18.438,42.556],[18.224,42.624],[18.211,42.632],[17.833,42.886],[17.649,42.889],[17.576,42.922],[17.581,42.938],[17.658,43.024],[17.451,43.177],[17.292,43.336],[17.285,43.46],[17.163,43.512],[17.017,43.574],[16.544,43.974],[16.262,44.178],[16.215,44.213],[16.172,44.209],[16.201,44.344],[16.132,44.455],[16.131,44.496],[16.094,44.531],[15.944,44.707],[15.785,44.767],[15.759,44.886],[15.737,44.936],[15.84,45.224],[16.015,45.195],[16.298,45.003],[16.556,45.22],[16.8,45.196],[16.944,45.246],[17.141,45.163]]]}},{"type":"Feature","properties":{"id":"BE","name":"Belgium","de":"Belgien","fr":"Belgique","eu":true},"geometry":{"type":"Polygon","coordinates":[[[4.76,51.502],[4.864,51.434],[5.041,51.467],[5.102,51.429],[5.111,51.348],[5.238,51.262],[5.5,51.285],[5.566,51.221],[5.79,51.162],[5.798,51.06],[5.766,51.009],[5.67,50.874],[5.688,50.812],[5.682,50.757],[5.774,50.775],[5.892,50.755],[6.021,50.754],[6.209,50.634],[6.189,50.566],[6.192,50.521],[6.316,50.497],[6.405,50.323],[6.365,50.314],[6.186,50.223],[6.138,50.13],[6.025,50.183],[5.899,50.103],[5.746,49.854],[5.894,49.665],[5.818,49.546],[5.735,49.546],[5.471,49.497],[5.394,49.617],[5.154,49.718],[4.969,49.802],[4.87,49.81],[4.81,49.972],[4.852,50.127],[4.797,50.149],[4.663,49.994],[4.432,49.942],[4.233,49.958],[4.141,49.979],[4.207,50.08],[4.186,50.237],[4.028,50.358],[3.717,50.327],[3.673,50.397],[3.656,50.462],[3.615,50.49],[3.549,50.497],[3.311,50.522],[3.245,50.713],[3.177,50.756],[3.098,50.779],[3.019,50.774],[2.863,50.708],[2.648,50.825],[2.607,50.913],[2.578,51.001],[2.546,51.089],[2.749,51.162],[3.111,51.312],[3.366,51.37],[3.381,51.274],[3.549,51.291],[3.75,51.267],[3.856,51.211],[3.978,51.225],[4.235,51.348],[4.242,51.354],[4.244,51.375],[4.28,51.376],[4.391,51.366],[4.409,51.447],[4.49,51.47],[4.67,51.426],[4.76,51.502]]]}},{"type":"Feature","properties":{"id":"BG","name":"Bulgaria","de":"Bulgarien","fr":"Bulgarie","eu":true},"geometry":{"type":"Polygon","coordinates":[[[22.858,43.876],[22.997,43.808],[23.409,43.85],[23.63,43.791],[24.112,43.7],[24.324,43.698],[24.48,43.751],[24.655,43.724],[25.296,43.655],[25.545,43.643],[25.672,43.688],[25.895,43.803],[26.119,43.967],[26.358,44.037],[26.382,44.039],[26.949,44.138],[27.271,44.126],[27.395,44.022],[27.695,43.987],[27.92,43.989],[28.012,43.844],[28.222,43.765],[28.579,43.739],[28.583,43.512],[28.493,43.399],[28.192,43.407],[28.06,43.316],[27.941,43.185],[27.883,42.838],[27.865,42.723],[27.718,42.67],[27.676,42.632],[27.518,42.49],[27.696,42.4],[28.036,41.983],[27.965,41.98],[27.558,41.945],[27.466,41.985],[27.392,42.017],[27.276,42.09],[27.06,42.088],[26.982,42.017],[26.949,42],[26.869,41.985],[26.562,41.926],[26.535,41.838],[26.366,41.799],[26.358,41.711],[26.09,41.708],[26.109,41.668],[26.132,41.621],[26.173,41.539],[26.165,41.424],[26.11,41.357],[25.949,41.32],[25.906,41.308],[25.225,41.265],[25.179,41.31],[24.902,41.382],[24.784,41.36],[24.517,41.55],[24.06,41.522],[24.028,41.457],[23.624,41.376],[22.928,41.339],[22.968,41.52],[22.99,41.621],[22.993,41.668],[22.998,41.741],[22.884,41.985],[22.867,42.022],[22.51,42.155],[22.449,42.219],[22.36,42.311],[22.475,42.4],[22.528,42.442],[22.467,42.632],[22.461,42.648],[22.443,42.825],[22.516,42.869],[22.748,42.89],[23.006,43.193],[22.747,43.387],[22.667,43.403],[22.519,43.512],[22.371,43.788],[22.419,43.985],[22.536,44.046],[22.614,44.08],[22.675,44.216],[22.966,44.098],[23.023,44.042],[22.895,43.975],[22.858,43.876]]]}},{"type":"Feature","properties":{"id":"CH","name":"Switzerland","de":"Schweiz","fr":"Suisse","eu":false},"geometry":{"type":"Polygon","coordinates":[[[8.67,47.685],[8.796,47.676],[8.841,47.702],[8.874,47.667],[9.182,47.656],[9.364,47.628],[9.496,47.551],[9.559,47.542],[9.661,47.403],[9.531,47.271],[9.476,47.052],[9.607,47.061],[9.846,47.014],[9.911,46.93],[10.145,46.851],[10.395,46.984],[10.472,46.935],[10.47,46.855],[10.398,46.68],[10.469,46.6],[10.453,46.531],[10.218,46.621],[10.107,46.582],[10.051,46.467],[10.13,46.4],[10.155,46.272],[10.094,46.241],[9.912,46.37],[9.567,46.306],[9.438,46.479],[9.317,46.496],[9.263,46.453],[9.249,46.234],[9.159,46.17],[9.029,46.021],[9.038,45.871],[8.912,45.83],[8.829,46.067],[8.714,46.097],[8.464,46.252],[8.458,46.42],[8.385,46.452],[8.109,46.264],[8.137,46.154],[7.877,45.927],[7.864,45.917],[7.582,45.968],[7.154,45.863],[7.045,45.922],[6.817,46.157],[6.821,46.427],[6.501,46.449],[6.22,46.312],[6.234,46.197],[5.956,46.132],[6.126,46.317],[6.143,46.372],[6.064,46.416],[6.138,46.558],[6.41,46.754],[6.46,46.852],[6.464,46.935],[6.859,47.165],[7.024,47.332],[6.937,47.375],[6.939,47.434],[7.13,47.503],[7.223,47.43],[7.381,47.432],[7.511,47.503],[7.555,47.565],[7.589,47.59],[7.634,47.561],[7.714,47.539],[7.894,47.586],[8.426,47.568],[8.607,47.667],[8.498,47.648],[8.424,47.666],[8.51,47.776],[8.614,47.801],[8.69,47.742],[8.663,47.686],[8.67,47.685]]]}},{"type":"Feature","properties":{"id":"DE","name":"Germany","de":"Deutschland","fr":"Allemagne","eu":true},"geometry":{"type":"MultiPolygon","coordinates":[[[[9.113,54.874],[9.294,54.811],[9.42,54.832],[9.423,54.823],[9.492,54.823],[9.926,54.777],[10.031,54.637],[9.97,54.507],[10.169,54.433],[10.174,54.346],[10.341,54.428],[10.714,54.305],[10.938,54.373],[11.073,54.315],[11.067,54.192],[10.782,54.066],[10.841,53.992],[10.904,53.957],[11.154,54.01],[11.327,53.948],[11.562,54.028],[11.654,54.131],[11.779,54.15],[11.998,54.175],[12.201,54.245],[12.286,54.275],[12.456,54.317],[12.537,54.445],[12.768,54.368],[12.964,54.428],[13.183,54.387],[13.21,54.546],[13.324,54.651],[13.457,54.495],[13.552,54.569],[13.64,54.561],[13.564,54.458],[13.662,54.352],[13.385,54.282],[13.319,54.194],[13.476,54.112],[13.817,54.159],[13.959,53.992],[14.099,53.997],[14.226,53.929],[14.213,53.866],[14.065,53.873],[13.909,53.842],[13.972,53.777],[14.269,53.699],[14.412,53.33],[14.431,53.26],[14.378,53.201],[14.342,53.063],[14.144,52.961],[14.157,52.896],[14.154,52.839],[14.436,52.68],[14.565,52.624],[14.63,52.522],[14.534,52.395],[14.601,52.272],[14.696,52.229],[14.755,52.07],[14.717,52.001],[14.614,51.826],[14.741,51.665],[14.73,51.582],[14.767,51.519],[14.933,51.465],[14.974,51.364],[15.023,51.276],[14.997,51.138],[14.823,50.871],[14.767,50.82],[14.619,50.858],[14.582,50.982],[14.491,51.044],[14.318,51.055],[14.282,51],[14.363,50.903],[13.83,50.733],[13.652,50.73],[13.502,50.634],[13.056,50.501],[12.948,50.404],[12.815,50.45],[12.584,50.407],[12.322,50.208],[12.101,50.318],[12.161,50.22],[12.261,50.058],[12.551,49.905],[12.402,49.758],[12.594,49.542],[12.638,49.519],[12.634,49.476],[12.792,49.358],[12.985,49.323],[13.171,49.174],[13.366,49.067],[13.417,48.98],[13.552,48.968],[13.84,48.772],[13.796,48.714],[13.808,48.611],[13.727,48.513],[13.513,48.591],[13.438,48.549],[13.393,48.372],[13.177,48.294],[12.945,48.207],[12.752,48.113],[12.86,47.997],[12.876,47.963],[12.983,47.863],[12.929,47.734],[13.079,47.667],[13.046,47.521],[12.923,47.502],[12.696,47.682],[12.599,47.667],[12.575,47.632],[12.5,47.631],[12.453,47.667],[12.338,47.697],[12.2,47.706],[12.182,47.667],[12.169,47.621],[12.061,47.619],[11.633,47.592],[11.561,47.521],[11.41,47.495],[11.421,47.445],[11.017,47.396],[10.991,47.396],[10.886,47.537],[10.454,47.556],[10.435,47.398],[10.178,47.27],[10.198,47.368],[10.114,47.374],[10,47.483],[9.968,47.546],[9.559,47.542],[9.496,47.551],[9.364,47.628],[9.182,47.656],[8.874,47.667],[8.841,47.702],[8.796,47.676],[8.67,47.685],[8.663,47.686],[8.69,47.742],[8.614,47.801],[8.51,47.776],[8.424,47.666],[8.498,47.648],[8.607,47.667],[8.426,47.568],[7.894,47.586],[7.714,47.539],[7.634,47.561],[7.589,47.59],[7.52,47.667],[7.546,47.744],[7.603,47.968],[7.577,48.116],[7.578,48.121],[7.681,48.257],[7.823,48.608],[7.96,48.719],[8.233,48.967],[8.068,48.999],[7.911,49.045],[7.636,49.054],[7.482,49.156],[7.369,49.161],[7.246,49.118],[7.101,49.156],[6.925,49.214],[6.784,49.161],[6.723,49.219],[6.557,49.419],[6.365,49.46],[6.365,49.54],[6.482,49.721],[6.475,49.821],[6.365,49.85],[6.179,49.962],[6.138,50.13],[6.186,50.223],[6.365,50.314],[6.405,50.323],[6.316,50.497],[6.192,50.521],[6.189,50.566],[6.209,50.634],[6.021,50.754],[6.087,50.913],[5.877,51.032],[6.175,51.185],[6.073,51.243],[6.224,51.365],[6.195,51.519],[5.953,51.748],[6.006,51.832],[6.168,51.901],[6.408,51.828],[6.779,51.936],[6.731,52.051],[6.76,52.119],[7.066,52.241],[7.01,52.439],[6.698,52.486],[6.71,52.628],[7.006,52.639],[7.093,52.838],[7.197,52.982],[7.203,53.113],[7.217,53.201],[7.209,53.243],[7.264,53.326],[7.045,53.337],[6.999,53.36],[7.114,53.584],[7.271,53.701],[7.55,53.675],[7.81,53.708],[7.997,53.703],[8.091,53.638],[8.155,53.536],[8.061,53.506],[8.196,53.409],[8.296,53.454],[8.245,53.544],[8.289,53.6],[8.555,53.525],[8.52,53.606],[8.537,53.79],[8.687,53.892],[8.799,53.838],[9.019,53.835],[9.273,53.868],[9.2,53.88],[9.028,53.88],[8.833,54.024],[8.956,54.071],[8.829,54.165],[8.845,54.266],[8.693,54.326],[8.878,54.439],[8.855,54.564],[8.655,54.812],[8.636,54.912],[9.028,54.881],[9.113,54.874]]],[[[11.272,54.415],[11.128,54.411],[11.028,54.45],[11.026,54.508],[11.061,54.53],[11.211,54.508],[11.272,54.415]]],[[[8.597,54.744],[8.574,54.677],[8.485,54.677],[8.385,54.715],[8.431,54.751],[8.597,54.744]]],[[[6.931,53.685],[6.904,53.588],[6.841,53.623],[6.809,53.679],[6.849,53.699],[6.931,53.685]]],[[[8.375,54.867],[8.272,54.866],[8.331,54.982],[8.376,54.959],[8.375,54.867]]],[[[8.704,54.556],[8.683,54.476],[8.555,54.502],[8.555,54.538],[8.704,54.556]]],[[[8.383,54.647],[8.334,54.607],[8.264,54.667],[8.358,54.738],[8.383,54.647]]],[[[8.527,53.999],[8.456,53.906],[8.375,53.93],[8.465,54.016],[8.527,53.999]]],[[[6.751,53.635],[6.79,53.544],[6.657,53.559],[6.638,53.592],[6.751,53.635]]],[[[7.941,54.206],[7.917,54.119],[7.801,54.211],[7.888,54.236],[7.941,54.206]]]]}},{"type":"Feature","properties":{"id":"DK","name":"Denmark","de":"Dänemark","fr":"Danemark","eu":true},"geometry":{"type":"MultiPolygon","coordinates":[[[[10.526,57.28],[10.297,56.951],[10.28,56.737],[10.194,56.685],[10.307,56.68],[10.458,56.53],[10.823,56.513],[10.911,56.375],[10.716,56.183],[10.602,56.197],[10.508,56.136],[10.433,56.274],[10.281,56.187],[10.217,55.885],[9.974,55.846],[9.986,55.714],[9.672,55.712],[9.781,55.598],[9.614,55.411],[9.693,55.258],[9.644,55.178],[9.638,55.178],[9.629,55.178],[9.625,55.178],[9.561,55.178],[9.557,55.043],[9.807,55.064],[9.96,55],[10.034,54.89],[9.716,54.851],[9.601,54.886],[9.579,54.892],[9.42,54.832],[9.294,54.811],[9.113,54.874],[9.028,54.881],[8.636,54.912],[8.649,55.371],[8.522,55.45],[8.427,55.366],[8.288,55.567],[8.217,55.519],[8.101,55.56],[8.196,55.832],[8.344,55.937],[8.13,56.166],[8.198,56.362],[8.136,56.519],[8.201,56.657],[8.668,56.48],[8.729,56.509],[8.763,56.65],[9.007,56.825],[9.133,56.724],[9.126,56.617],[9.319,56.672],[9.213,56.8],[9.189,56.967],[9.115,57.003],[8.947,56.971],[8.825,56.769],[8.711,56.695],[8.382,56.696],[8.277,56.824],[8.578,57.095],[9.392,57.172],[9.954,57.57],[10.458,57.676],[10.526,57.28]]],[[[12.583,55.808],[12.584,55.722],[12.656,55.589],[12.569,55.568],[12.505,55.637],[12.363,55.594],[12.224,55.517],[12.22,55.425],[12.422,55.315],[12.163,55.189],[12.156,55.097],[12.256,55.075],[12.266,54.996],[12.415,55.01],[12.454,54.965],[12.228,54.886],[12.029,54.734],[11.951,54.603],[11.472,54.618],[11.016,54.781],[11.028,54.884],[11.111,54.938],[11.275,54.941],[11.538,54.84],[11.938,54.96],[11.676,55.172],[11.273,55.228],[11.064,55.714],[11.292,55.757],[11.645,55.948],[11.716,55.915],[11.788,55.661],[11.875,55.738],[11.935,55.847],[11.904,55.979],[12.28,56.115],[12.57,56.046],[12.583,55.808]],[[11.981,55.73],[12.017,55.695],[12.084,55.696],[12.089,55.78],[11.981,55.73]]],[[[10.409,55.591],[10.552,55.46],[10.632,55.571],[10.677,55.553],[10.804,55.178],[10.638,54.954],[10.409,55.042],[10.134,55.058],[10.12,55.178],[10.046,55.178],[9.892,55.252],[9.764,55.527],[10.409,55.591]]],[[[15.154,55.078],[15.082,54.989],[14.963,55.005],[14.745,55.065],[14.685,55.098],[14.714,55.224],[14.774,55.298],[14.826,55.253],[15.153,55.132],[15.154,55.078]]],[[[10.735,54.75],[10.692,54.729],[10.653,54.838],[10.701,54.937],[10.891,55.102],[10.912,55.034],[10.735,54.75]]],[[[11.096,57.26],[11.039,57.202],[10.875,57.254],[10.918,57.298],[11.079,57.318],[11.096,57.26]]],[[[10.636,55.785],[10.539,55.779],[10.526,55.842],[10.614,55.903],[10.681,55.896],[10.636,55.785]]],[[[8.573,55.082],[8.521,55.056],[8.46,55.105],[8.488,55.201],[8.597,55.195],[8.553,55.141],[8.573,55.082]]],[[[8.595,56.601],[8.516,56.586],[8.441,56.67],[8.585,56.694],[8.595,56.601]]],[[[10.467,54.889],[10.411,54.812],[10.305,54.9],[10.328,54.92],[10.467,54.889]]],[[[12.799,55.665],[12.788,55.564],[12.699,55.597],[12.738,55.691],[12.799,55.665]]],[[[11.595,56.744],[11.598,56.662],[11.511,56.673],[11.454,56.732],[11.595,56.744]]],[[[11.769,56.236],[11.783,56.15],[11.676,56.156],[11.638,56.199],[11.769,56.236]]],[[[11.223,57.271],[11.164,57.237],[11.127,57.307],[11.146,57.347],[11.229,57.347],[11.223,57.271]]],[[[10.6,55.947],[10.509,55.915],[10.489,55.98],[10.579,56.039],[10.6,55.947]]]]}},{"type":"Feature","properties":{"id":"DZ","name":"Algeria","de":"Algerien","fr":"Algérie","eu":false},"geometry":{"type":"Polygon","coordinates":[[[8.642,36.941],[8.627,36.82],[8.231,36.498],[8.385,36.364],[8.27,35.819],[8.35,35.612],[8.343,35.329],[8.432,35.212],[8.273,34.915],[8.254,34.681],[7.586,34.1],[7.537,33.815],[7.807,33.245],[8.107,33.083],[8.284,32.859],[8.391,32.499],[9.066,32.061],[9.552,30.246],[9.404,30.118],[9.795,29.374],[9.901,28.786],[9.845,28.276],[9.956,27.863],[9.789,27.304],[9.917,26.844],[9.901,26.613],[9.841,26.518],[9.53,26.375],[9.421,26.176],[10.004,25.361],[10.055,24.868],[10.204,24.749],[10.275,24.594],[10.45,24.483],[10.755,24.55],[11.411,24.216],[11.605,24.241],[11.999,23.513],[8.9,21.69],[7.497,20.864],[7.054,20.493],[6.515,20.042],[6.26,19.83],[5.945,19.567],[5.794,19.441],[4.952,19.277],[4.243,19.139],[3.322,19.006],[3.16,19.163],[3.249,19.492],[3.202,19.834],[2.709,20.041],[2.405,20.076],[2.225,20.269],[1.819,20.312],[1.577,20.58],[1.216,20.752],[1.096,21.123],[0.262,21.703],[-1.125,22.6],[-2.094,23.226],[-2.514,23.498],[-2.584,23.543],[-4.833,24.998],[-8.667,27.313],[-8.667,27.662],[-8.637,28.72],[-7.586,29.36],[-7.369,29.392],[-7.166,29.508],[-6.782,29.473],[-6.435,29.561],[-5.81,29.606],[-5.717,29.53],[-5.549,29.516],[-5.282,29.891],[-4.951,30.127],[-4.606,30.291],[-4.297,30.534],[-3.66,30.702],[-3.546,30.99],[-3.769,31.245],[-3.676,31.395],[-3.66,31.603],[-3.302,31.705],[-2.845,31.808],[-2.916,32.034],[-2.868,32.114],[-2.584,32.132],[-2.514,32.136],[-2.094,32.163],[-1.989,32.17],[-1.211,32.091],[-1.175,32.126],[-1.25,32.2],[-1.23,32.345],[-1.125,32.427],[-1.022,32.508],[-1.125,32.579],[-1.385,32.756],[-1.517,32.932],[-1.487,33.064],[-1.662,33.301],[-1.594,33.57],[-1.712,33.708],[-1.655,34.097],[-1.762,34.39],[-1.715,34.495],[-1.827,34.619],[-1.768,34.746],[-2.094,34.996],[-2.21,35.085],[-2.094,35.085],[-1.908,35.085],[-1.756,35.13],[-1.475,35.299],[-1.362,35.32],[-1.267,35.381],[-1.184,35.571],[-1.125,35.607],[-0.949,35.716],[-0.869,35.717],[-0.817,35.766],[-0.624,35.715],[-0.512,35.785],[-0.469,35.876],[-0.368,35.908],[-0.308,35.878],[-0.296,35.84],[-0.254,35.814],[-0.122,35.792],[-0.059,35.81],[0.024,35.864],[0.144,36.047],[0.262,36.131],[0.353,36.195],[0.661,36.327],[0.871,36.376],[0.906,36.409],[0.948,36.447],[1.074,36.489],[1.293,36.514],[1.359,36.549],[1.504,36.534],[2.018,36.569],[2.296,36.631],[2.339,36.641],[2.436,36.597],[2.564,36.596],[2.778,36.687],[2.905,36.801],[2.979,36.814],[3.145,36.744],[3.203,36.76],[3.244,36.81],[3.438,36.77],[3.549,36.792],[3.87,36.913],[4.772,36.886],[5.314,36.644],[5.487,36.682],[5.671,36.805],[6.182,36.903],[6.302,37.042],[6.448,37.08],[6.612,36.974],[6.942,36.892],[7.192,36.95],[7.25,37.074],[7.716,36.959],[7.875,36.849],[8.204,36.936],[8.419,36.901],[8.642,36.941]]]}},{"type":"Feature","properties":{"id":"EE","name":"Estonia","de":"Estland","fr":"Estonie","eu":true},"geometry":{"type":"MultiPolygon","coordinates":[[[[25.726,59.64],[25.83,59.564],[25.895,59.616],[26.759,59.499],[26.965,59.439],[27.833,59.399],[28.042,59.47],[28.182,59.395],[28.164,59.33],[27.926,59.248],[27.708,58.966],[27.357,58.787],[27.523,58.416],[27.53,58.186],[27.74,57.883],[27.544,57.802],[27.403,57.663],[27.352,57.518],[26.912,57.621],[26.525,57.526],[26.295,57.602],[26.026,57.843],[25.895,57.85],[25.359,58.046],[25.046,58.04],[24.834,57.973],[24.353,57.877],[24.505,58.329],[24.352,58.356],[24.043,58.277],[23.804,58.349],[23.551,58.611],[23.6,58.769],[23.429,58.75],[23.517,59.178],[23.731,59.237],[24.077,59.294],[24.064,59.375],[24.218,59.357],[24.427,59.473],[24.78,59.456],[24.834,59.556],[25.123,59.485],[25.42,59.505],[25.556,59.599],[25.679,59.579],[25.726,59.64]]],[[[23.356,58.623],[23.377,58.519],[23.168,58.551],[23.143,58.519],[23.247,58.469],[23.243,58.435],[23.058,58.393],[22.696,58.225],[22.307,58.195],[22.176,57.981],[22.037,57.929],[22.024,58.001],[22.18,58.131],[21.879,58.275],[21.977,58.358],[21.922,58.486],[22.079,58.441],[22.201,58.519],[22.297,58.493],[22.312,58.519],[22.552,58.62],[22.977,58.604],[23.253,58.669],[23.356,58.623]]],[[[22.62,59.085],[22.981,58.916],[23.032,58.918],[23.06,58.843],[22.981,58.845],[22.563,58.691],[22.482,58.723],[22.4,58.875],[22.333,58.913],[22.62,59.085]]],[[[23.154,59.054],[23.274,59.024],[23.345,59.035],[23.357,58.985],[23.164,58.969],[23.1,59.027],[23.154,59.054]]],[[[24.031,58.106],[23.951,58.075],[23.928,58.109],[23.948,58.168],[24.049,58.172],[24.031,58.106]]],[[[24.572,59.55],[24.485,59.529],[24.435,59.574],[24.504,59.644],[24.572,59.55]]]]}},{"type":"Feature","properties":{"id":"EL","name":"Greece","de":"Griechenland","fr":"Grèce","eu":true},"geometry":{"type":"MultiPolygon","coordinates":[[[[26.62,41.373],[26.341,41.239],[26.347,40.963],[26.033,40.73],[25.953,40.832],[25.632,40.863],[25.168,40.946],[25.14,40.991],[24.813,40.858],[24.644,40.866],[24.493,40.946],[24.12,40.735],[23.868,40.779],[23.765,40.758],[23.718,40.684],[23.757,40.635],[23.783,40.6],[23.859,40.534],[23.861,40.453],[24.011,40.389],[24.194,40.331],[24.378,40.149],[24.313,40.13],[24.164,40.27],[24.005,40.315],[23.862,40.38],[23.716,40.284],[23.985,40.099],[24.003,40.016],[23.946,39.959],[23.838,40.002],[23.647,40.218],[23.427,40.265],[23.283,40.234],[23.004,40.35],[22.883,40.465],[22.916,40.617],[22.682,40.529],[22.664,40.492],[22.609,40.453],[22.644,40.354],[22.558,40.141],[22.665,39.975],[22.846,39.791],[22.916,39.603],[23.122,39.46],[23.329,39.196],[23.218,39.138],[23.103,39.293],[22.897,39.3],[22.843,39.21],[23.017,39.003],[22.95,38.933],[22.772,38.877],[22.617,38.898],[22.586,38.856],[23.026,38.743],[23.134,38.657],[23.291,38.643],[23.328,38.506],[23.504,38.558],[23.117,38.873],[23.199,38.988],[23.324,38.986],[23.595,38.794],[24.081,38.638],[24.268,38.271],[24.488,38.136],[24.518,38.052],[24.444,37.998],[24.285,38.028],[23.979,38.368],[23.656,38.352],[23.69,38.34],[24.04,38.193],[24.054,37.715],[23.972,37.674],[23.744,37.854],[23.672,37.942],[23.463,37.921],[23.491,37.977],[23.571,37.993],[23.597,38.015],[23.18,37.952],[23.071,37.889],[23.136,37.813],[23.12,37.73],[23.2,37.597],[23.315,37.556],[23.317,37.62],[23.399,37.63],[23.388,37.528],[23.47,37.461],[23.424,37.412],[23.126,37.329],[23.082,37.445],[22.749,37.569],[22.733,37.487],[22.899,37.12],[22.981,37.048],[23.064,36.555],[22.685,36.762],[22.565,36.697],[22.437,36.506],[22.285,36.788],[22.114,36.964],[21.973,36.943],[21.86,36.799],[21.71,36.869],[21.606,37.104],[21.68,37.377],[21.572,37.53],[21.204,37.819],[21.13,37.91],[21.351,38.102],[21.389,38.2],[21.619,38.158],[21.866,38.331],[22.373,38.142],[22.439,38.134],[22.867,37.95],[22.949,37.974],[22.929,38.061],[23.118,38.061],[23.209,38.126],[23.126,38.168],[22.818,38.235],[22.608,38.359],[22.568,38.307],[22.439,38.428],[22.361,38.355],[22.185,38.337],[21.989,38.399],[21.852,38.375],[21.17,38.334],[21.053,38.554],[20.755,38.864],[20.872,38.934],[21.078,38.885],[21.131,38.961],[21.109,39.046],[20.837,39.051],[20.728,38.997],[20.478,39.275],[20.464,39.273],[20.301,39.316],[20.163,39.62],[20.009,39.691],[20.227,39.664],[20.301,39.729],[20.302,39.813],[20.391,39.788],[20.356,39.981],[20.449,40.059],[20.613,40.08],[20.779,40.349],[21.056,40.617],[20.98,40.856],[21.787,40.931],[21.929,41.1],[22.216,41.17],[22.332,41.12],[22.391,41.134],[22.724,41.161],[22.777,41.308],[22.879,41.341],[22.928,41.339],[23.624,41.376],[24.028,41.457],[24.06,41.522],[24.517,41.55],[24.784,41.36],[24.902,41.382],[25.179,41.31],[25.225,41.265],[25.906,41.308],[25.949,41.32],[26.11,41.357],[26.165,41.424],[26.173,41.539],[26.132,41.621],[26.109,41.668],[26.09,41.708],[26.358,41.711],[26.444,41.668],[26.538,41.621],[26.578,41.601],[26.62,41.373]]],[[[23.744,35.657],[23.845,35.536],[24.163,35.575],[24.191,35.472],[24.317,35.354],[24.928,35.407],[25.168,35.346],[25.491,35.298],[25.691,35.318],[25.787,35.124],[26.223,35.241],[26.267,35.172],[26.112,35.014],[25.551,34.991],[25.168,34.954],[24.785,34.941],[24.723,35.093],[24.288,35.176],[23.611,35.237],[23.535,35.336],[23.582,35.524],[23.701,35.52],[23.744,35.657]]],[[[26.408,39.267],[26.594,39.044],[26.515,38.978],[26.166,39.028],[26.166,39.154],[26.038,39.097],[25.858,39.183],[25.904,39.273],[26.17,39.327],[26.188,39.373],[26.34,39.382],[26.419,39.327],[26.408,39.267]]],[[[27.887,35.958],[27.745,35.922],[27.728,36.148],[27.887,36.326],[28.154,36.426],[28.228,36.402],[28.073,36.077],[27.887,35.958]]],[[[26.003,38.606],[26.115,38.545],[26.166,38.555],[26.136,38.416],[26.159,38.309],[26.106,38.271],[26.1,38.21],[26.012,38.147],[25.864,38.243],[25.993,38.343],[25.99,38.389],[25.83,38.545],[25.849,38.576],[26.003,38.606]]],[[[20.628,38.325],[20.626,38.259],[20.673,38.28],[20.812,38.111],[20.792,38.066],[20.702,38.071],[20.606,38.118],[20.565,38.092],[20.441,38.163],[20.34,38.189],[20.402,38.329],[20.49,38.311],[20.534,38.341],[20.538,38.468],[20.582,38.463],[20.628,38.325]]],[[[20,39.451],[19.982,39.42],[19.893,39.45],[19.639,39.756],[19.705,39.798],[19.923,39.787],[19.867,39.691],[19.94,39.5],[20,39.451]]],[[[25.549,36.957],[25.45,36.918],[25.387,36.98],[25.357,37.066],[25.376,37.109],[25.529,37.201],[25.599,37.117],[25.549,36.957]]],[[[25.167,39.992],[25.297,39.96],[25.398,39.989],[25.419,39.964],[25.343,39.808],[25.233,39.893],[25.167,39.799],[25.052,39.908],[25.071,39.975],[25.167,39.992]]],[[[24.767,40.625],[24.618,40.56],[24.617,40.595],[24.536,40.628],[24.524,40.681],[24.572,40.76],[24.656,40.794],[24.767,40.713],[24.767,40.625]]],[[[23.679,39.972],[23.674,39.916],[23.596,39.921],[23.464,39.969],[23.359,39.958],[23.381,40.001],[23.306,40.101],[23.326,40.167],[23.397,40.138],[23.493,40.035],[23.679,39.972]]],[[[26.982,37.714],[26.831,37.649],[26.615,37.716],[26.602,37.733],[26.77,37.81],[26.98,37.748],[26.982,37.714]]],[[[20.753,38.633],[20.616,38.601],[20.56,38.627],[20.557,38.68],[20.6,38.78],[20.649,38.833],[20.718,38.846],[20.753,38.633]]],[[[20.898,37.742],[20.826,37.663],[20.631,37.819],[20.638,37.879],[20.694,37.92],[20.755,37.859],[20.869,37.819],[20.898,37.742]]],[[[24.981,37.751],[24.938,37.716],[24.815,37.819],[24.713,37.892],[24.723,37.97],[24.937,37.89],[24.974,37.819],[24.981,37.751]]],[[[27.193,35.46],[27.146,35.421],[27.079,35.442],[27.118,35.481],[27.11,35.546],[27.061,35.598],[27.119,35.645],[27.163,35.731],[27.165,35.805],[27.211,35.808],[27.218,35.732],[27.151,35.613],[27.22,35.543],[27.193,35.46]]],[[[23.055,36.218],[23.046,36.132],[22.944,36.158],[22.902,36.232],[22.893,36.321],[22.951,36.382],[23.002,36.31],[23.088,36.248],[23.055,36.218]]],[[[26.106,37.551],[26.056,37.511],[25.962,37.515],[26.058,37.629],[26.203,37.63],[26.307,37.686],[26.352,37.659],[26.219,37.566],[26.106,37.551]]],[[[27.171,36.806],[27.098,36.754],[27.005,36.783],[27.071,36.85],[27.284,36.919],[27.361,36.861],[27.171,36.806]]],[[[24.691,38.79],[24.626,38.742],[24.533,38.794],[24.557,38.827],[24.428,38.879],[24.487,38.982],[24.578,38.93],[24.574,38.872],[24.691,38.79]]],[[[26.078,36.92],[25.992,36.85],[25.941,36.869],[25.911,36.806],[25.814,36.758],[25.757,36.791],[25.889,36.905],[25.91,36.888],[26.04,36.967],[26.078,36.92]]],[[[25.703,40.421],[25.558,40.393],[25.443,40.474],[25.564,40.513],[25.662,40.496],[25.703,40.421]]],[[[25.266,37.056],[25.168,36.978],[25.042,37.003],[25.168,37.127],[25.249,37.117],[25.266,37.056]]],[[[24.544,36.703],[24.472,36.661],[24.322,36.663],[24.344,36.742],[24.413,36.766],[24.516,36.763],[24.544,36.703]]],[[[25.226,37.537],[25.169,37.529],[24.997,37.658],[25.033,37.677],[25.231,37.621],[25.226,37.537]]],[[[26.481,36.593],[26.389,36.552],[26.379,36.499],[26.277,36.521],[26.247,36.587],[26.382,36.584],[26.367,36.658],[26.425,36.665],[26.481,36.593]]],[[[24.037,39.1],[23.991,39.066],[23.92,39.124],[23.944,39.185],[23.893,39.208],[23.952,39.28],[23.985,39.188],[24.039,39.172],[24.037,39.1]]],[[[24.416,37.658],[24.292,37.518],[24.259,37.581],[24.292,37.662],[24.349,37.692],[24.416,37.658]]],[[[25.407,36.713],[25.358,36.641],[25.251,36.731],[25.27,36.791],[25.407,36.713]]],[[[20.777,38.311],[20.696,38.307],[20.623,38.463],[20.709,38.445],[20.693,38.41],[20.777,38.311]]],[[[27.036,36.957],[26.939,36.924],[26.902,36.975],[26.985,37.029],[27.055,37.001],[27.036,36.957]]],[[[23.782,39.13],[23.732,39.074],[23.659,39.087],[23.626,39.154],[23.649,39.173],[23.782,39.13]]],[[[23.53,37.689],[23.479,37.667],[23.41,37.765],[23.543,37.771],[23.53,37.689]]],[[[25.442,37.451],[25.403,37.412],[25.302,37.438],[25.309,37.493],[25.407,37.497],[25.442,37.451]]],[[[24.428,37.336],[24.379,37.326],[24.367,37.42],[24.408,37.463],[24.467,37.407],[24.428,37.336]]],[[[24.946,37.386],[24.88,37.368],[24.868,37.429],[24.884,37.511],[24.943,37.485],[24.946,37.386]]],[[[25.277,37.369],[25.195,37.322],[25.185,37.42],[25.257,37.463],[25.277,37.369]]],[[[24.548,37.138],[24.495,37.109],[24.43,37.144],[24.467,37.214],[24.534,37.2],[24.548,37.138]]],[[[23.5,36.936],[23.538,36.832],[23.446,36.853],[23.414,36.94],[23.5,36.936]]],[[[24.133,39.362],[24.11,39.291],[24.001,39.305],[24.085,39.403],[24.133,39.362]]],[[[24.006,37.445],[23.906,37.431],[23.852,37.498],[23.961,37.516],[24.006,37.445]]],[[[25.176,36.675],[25.116,36.623],[25.055,36.661],[25.068,36.707],[25.167,36.726],[25.176,36.675]]],[[[25.638,38.598],[25.623,38.516],[25.541,38.537],[25.532,38.588],[25.593,38.629],[25.638,38.598]]],[[[25.497,36.353],[25.437,36.315],[25.403,36.349],[25.446,36.454],[25.499,36.412],[25.497,36.353]]],[[[23.114,39.178],[23.142,39.074],[23.036,39.086],[23.063,39.187],[23.114,39.178]]],[[[26.776,37.245],[26.676,37.221],[26.72,37.328],[26.815,37.305],[26.776,37.245]]],[[[23.209,37.274],[23.171,37.208],[23.105,37.209],[23.084,37.261],[23.115,37.303],[23.209,37.274]]],[[[27.901,36.591],[27.801,36.557],[27.754,36.653],[27.812,36.663],[27.901,36.591]]],[[[23.52,37.384],[23.536,37.287],[23.407,37.328],[23.443,37.384],[23.52,37.384]]],[[[27.001,36.709],[26.96,36.669],[26.901,36.714],[26.911,36.777],[26.971,36.793],[27.001,36.709]]],[[[25.078,39.537],[24.978,39.439],[24.956,39.497],[25.006,39.581],[25.078,39.537]]],[[[20.951,38.595],[20.892,38.52],[20.854,38.597],[20.89,38.652],[20.953,38.647],[20.951,38.595]]],[[[23.02,38.868],[22.96,38.815],[22.86,38.859],[22.925,38.914],[23.02,38.868]]],[[[24.973,36.573],[24.894,36.558],[24.861,36.62],[24.937,36.684],[24.973,36.573]]],[[[26.982,35.409],[26.876,35.326],[26.824,35.353],[26.903,35.437],[26.982,35.409]]],[[[25.838,36.382],[25.787,36.322],[25.693,36.363],[25.762,36.431],[25.838,36.382]]],[[[23.528,39.198],[23.49,39.1],[23.416,39.141],[23.427,39.212],[23.528,39.198]]],[[[27.046,37.446],[26.969,37.415],[26.887,37.486],[26.985,37.513],[27.046,37.446]]],[[[27.401,36.447],[27.313,36.396],[27.273,36.426],[27.277,36.475],[27.372,36.497],[27.401,36.447]]],[[[27.233,36.574],[27.201,36.544],[27.103,36.566],[27.112,36.62],[27.199,36.633],[27.233,36.574]]],[[[24.159,34.86],[24.11,34.792],[24,34.867],[24.052,34.896],[24.159,34.86]]],[[[23.985,36.813],[23.891,36.786],[23.828,36.85],[23.922,36.882],[23.985,36.813]]],[[[24.775,36.946],[24.714,36.906],[24.647,36.983],[24.696,37.037],[24.775,36.946]]],[[[24.663,36.78],[24.657,36.743],[24.507,36.796],[24.558,36.856],[24.663,36.78]]]]}},{"type":"Feature","properties":{"id":"ES","name":"Spain","de":"Spanien","fr":"Espagne","eu":true},"geometry":{"type":"MultiPolygon","coordinates":[[[[-7.259,43.584],[-7.032,43.544],[-6.292,43.57],[-5.843,43.642],[-5.66,43.55],[-5.386,43.55],[-5.18,43.474],[-4.512,43.393],[-3.861,43.482],[-3.789,43.438],[-3.589,43.503],[-3.153,43.353],[-2.761,43.442],[-2.584,43.38],[-2.514,43.356],[-2.413,43.321],[-2.173,43.293],[-2.094,43.305],[-1.786,43.35],[-1.729,43.296],[-1.389,43.258],[-1.389,43.186],[-1.419,43.127],[-1.469,43.083],[-1.44,43.048],[-1.389,43.036],[-1.31,43.077],[-1.125,43.027],[-0.725,42.92],[-0.691,42.898],[-0.569,42.817],[-0.313,42.849],[-0.012,42.7],[0.262,42.7],[0.478,42.7],[0.66,42.691],[0.67,42.802],[0.715,42.854],[0.858,42.826],[0.906,42.814],[1.323,42.711],[1.411,42.632],[1.443,42.604],[1.469,42.444],[1.726,42.504],[1.731,42.492],[1.916,42.454],[1.986,42.4],[2.035,42.362],[2.145,42.4],[2.235,42.432],[2.296,42.415],[2.347,42.4],[2.553,42.342],[2.715,42.4],[2.884,42.461],[3.175,42.435],[3.201,42.4],[3.281,42.293],[3.156,42.219],[3.125,42.201],[3.19,41.985],[3.21,41.921],[2.809,41.668],[2.779,41.649],[2.707,41.621],[2.296,41.465],[2.083,41.294],[1.645,41.196],[0.978,41.03],[0.906,40.968],[0.726,40.812],[0.837,40.684],[0.61,40.613],[0.515,40.523],[0.262,40.237],[0.003,39.946],[-0.188,39.722],[-0.326,39.414],[-0.203,39.081],[-0.038,38.886],[0.144,38.829],[0.198,38.758],[-0.053,38.593],[-0.493,38.319],[-0.762,37.847],[-0.841,37.723],[-0.74,37.664],[-0.759,37.6],[-1.125,37.575],[-1.316,37.562],[-1.63,37.375],[-1.815,37.19],[-1.91,36.946],[-2.094,36.781],[-2.142,36.737],[-2.362,36.829],[-2.514,36.82],[-2.584,36.783],[-2.752,36.696],[-3.129,36.751],[-3.44,36.702],[-3.777,36.738],[-4.396,36.711],[-4.655,36.51],[-4.947,36.488],[-5.158,36.414],[-5.252,36.311],[-5.339,36.152],[-5.344,36.153],[-5.352,36.153],[-5.599,36.023],[-6.026,36.193],[-6.207,36.397],[-6.243,36.573],[-6.344,36.626],[-6.392,36.644],[-6.432,36.729],[-6.346,36.799],[-6.542,36.985],[-6.997,37.19],[-7.047,37.207],[-7.14,37.207],[-7.332,37.19],[-7.402,37.175],[-7.513,37.526],[-7.236,37.964],[-7.013,38.04],[-6.932,38.208],[-7.108,38.188],[-7.308,38.458],[-7.203,38.751],[-7.068,38.846],[-6.968,39.032],[-7.126,39.123],[-7.231,39.278],[-7.315,39.456],[-7.543,39.663],[-7.024,39.686],[-6.878,39.975],[-7.005,40.16],[-6.951,40.257],[-6.865,40.271],[-6.801,40.361],[-6.813,40.835],[-6.93,41.029],[-6.809,41.055],[-6.69,41.205],[-6.48,41.294],[-6.445,41.304],[-6.416,41.345],[-6.344,41.38],[-6.206,41.563],[-6.309,41.657],[-6.519,41.707],[-6.603,41.932],[-6.986,41.971],[-7.159,41.973],[-7.2,41.88],[-7.416,41.828],[-7.735,41.902],[-8.052,41.821],[-8.165,41.818],[-8.196,41.925],[-8.105,42.038],[-8.199,42.154],[-8.608,42.052],[-8.863,41.872],[-8.866,42.086],[-8.789,42.232],[-8.83,42.277],[-8.785,42.372],[-8.835,42.449],[-8.727,42.688],[-9.005,42.566],[-9.012,42.701],[-8.985,42.764],[-9.149,42.802],[-9.135,42.898],[-9.247,42.99],[-9.136,43.173],[-8.86,43.312],[-8.278,43.373],[-8.296,43.503],[-8.241,43.568],[-7.913,43.738],[-7.7,43.735],[-7.462,43.715],[-7.259,43.584]]],[[[3.071,39.919],[3.124,39.865],[3.165,39.903],[3.21,39.88],[3.145,39.774],[3.253,39.73],[3.347,39.788],[3.457,39.745],[3.456,39.657],[3.404,39.635],[3.402,39.583],[3.297,39.499],[3.23,39.36],[3.051,39.266],[2.959,39.362],[2.788,39.363],[2.723,39.476],[2.751,39.504],[2.63,39.567],[2.539,39.523],[2.519,39.458],[2.443,39.523],[2.33,39.577],[2.587,39.718],[2.669,39.792],[2.779,39.855],[2.844,39.862],[2.949,39.919],[3.071,39.919]]],[[[4.258,39.965],[4.307,39.867],[4.273,39.809],[4.208,39.825],[4.021,39.922],[3.957,39.939],[3.82,39.928],[3.828,39.994],[3.791,40.018],[3.821,40.05],[3.934,40.062],[4.171,40.061],[4.258,39.965]]],[[[1.437,38.916],[1.404,38.838],[1.345,38.873],[1.251,38.86],[1.195,38.959],[1.304,38.97],[1.295,39.028],[1.364,39.072],[1.538,39.113],[1.589,39.093],[1.613,39.032],[1.523,38.947],[1.437,38.916]]],[[[1.443,38.763],[1.519,38.69],[1.578,38.731],[1.619,38.649],[1.529,38.62],[1.471,38.685],[1.383,38.63],[1.376,38.686],[1.443,38.763]]],[[[-5.339,35.876],[-5.343,35.871],[-5.382,35.913],[-5.378,35.916],[-5.365,35.917],[-5.349,35.908],[-5.341,35.9],[-5.338,35.896],[-5.336,35.891],[-5.336,35.886],[-5.337,35.881],[-5.339,35.876]]],[[[-2.952,35.32],[-2.928,35.273],[-2.97,35.289],[-2.952,35.32]]]]}},{"type":"Feature","properties":{"id":"FI","name":"Finland","de":"Finnland","fr":"Finlande","eu":true},"geometry":{"type":"MultiPolygon","coordinates":[[[[27.936,70.081],[28.383,69.83],[28.77,69.756],[29.117,69.692],[29.314,69.487],[28.889,69.25],[28.82,69.126],[28.93,69.052],[28.625,68.93],[28.73,68.834],[28.489,68.534],[28.602,68.291],[29.311,68.062],[29.957,67.653],[29.846,67.475],[29.088,66.948],[29.126,66.812],[29.573,66.433],[29.923,66.115],[30.12,65.716],[29.756,65.641],[29.839,65.558],[29.755,65.497],[29.668,65.273],[29.821,65.163],[29.662,65.037],[29.663,64.896],[30.026,64.729],[30.084,64.432],[30.504,64.167],[30.44,64],[30.308,63.881],[29.972,63.757],[30.381,63.532],[30.466,63.485],[30.73,63.392],[31.188,63.231],[31.544,62.906],[31.18,62.476],[30.144,61.852],[29.168,61.239],[28.837,61.126],[28.751,61.065],[28.655,60.965],[28.498,60.939],[27.991,60.669],[27.843,60.567],[27.804,60.549],[27.396,60.454],[27.11,60.52],[26.62,60.42],[26.454,60.488],[26.386,60.367],[26.087,60.397],[26.094,60.298],[25.939,60.236],[25.233,60.244],[24.473,60],[24.078,60.01],[23.864,59.917],[23.346,59.903],[23.162,59.836],[22.886,59.939],[23.03,60.101],[22.886,60.033],[22.449,60.006],[22.392,60.072],[22.427,60.227],[22.211,60.186],[22.16,60.289],[22.219,60.362],[22.141,60.416],[21.885,60.297],[21.741,60.554],[21.577,60.503],[21.285,60.52],[21.263,60.584],[21.358,60.71],[21.25,60.885],[21.42,61.047],[21.526,61.452],[21.477,61.614],[21.558,61.646],[21.339,61.956],[21.352,62.31],[21.189,62.475],[21.068,62.716],[21.166,62.963],[21.333,62.908],[21.462,62.999],[21.448,63.127],[21.535,63.091],[21.567,63.213],[21.742,63.283],[22.042,63.366],[22.333,63.312],[22.291,63.392],[22.259,63.455],[22.279,63.485],[22.33,63.563],[22.607,63.679],[22.689,63.848],[22.867,63.838],[22.895,63.889],[23.04,63.873],[23.349,63.929],[23.39,63.976],[23.421,64.063],[23.617,64.049],[23.753,64.167],[23.787,64.195],[23.841,64.242],[23.998,64.378],[24.317,64.536],[24.593,64.813],[25.001,64.9],[25.249,64.894],[25.346,64.966],[25.269,65.169],[25.281,65.458],[25.085,65.589],[24.69,65.648],[24.562,65.727],[24.176,65.774],[24.155,65.816],[24.116,65.92],[23.909,66.146],[23.735,66.203],[23.664,66.29],[23.675,66.46],[23.865,66.57],[23.967,66.837],[23.565,67.188],[23.594,67.261],[23.726,67.305],[23.736,67.425],[23.423,67.484],[23.537,67.594],[23.486,67.827],[23.622,67.922],[23.608,67.971],[23.296,68.138],[23.166,68.15],[23.047,68.304],[22.359,68.474],[22.064,68.484],[21.533,68.681],[20.932,68.904],[20.783,69.024],[20.549,69.06],[20.728,69.105],[21.02,69.062],[21.072,69.113],[21.012,69.184],[21.041,69.238],[21.291,69.309],[21.533,69.285],[21.605,69.278],[21.687,69.238],[21.984,69.073],[22.399,68.728],[23.199,68.638],[23.645,68.707],[23.791,68.816],[23.918,68.832],[24.866,68.581],[25.094,68.644],[25.228,68.832],[25.66,68.926],[25.744,69.027],[25.703,69.238],[25.755,69.331],[25.815,69.368],[25.807,69.43],[25.913,69.565],[25.976,69.698],[26.487,69.938],[27.07,69.917],[27.645,70.072],[27.936,70.081]]],[[[20.244,60.284],[20.171,60.177],[20.04,60.199],[20.048,60.127],[20.171,60.087],[20.262,60.167],[20.293,60.097],[20.171,60.014],[19.558,60.194],[19.545,60.212],[19.674,60.295],[19.697,60.37],[19.828,60.249],[19.864,60.414],[20.171,60.348],[20.244,60.284]]],[[[21.435,63.2],[21.283,63.168],[21.131,63.278],[21.232,63.387],[21.394,63.359],[21.374,63.318],[21.435,63.2]]],[[[24.87,64.985],[24.783,64.944],[24.578,65.003],[24.578,65.047],[24.849,65.09],[24.87,64.985]]],[[[20.614,60.045],[20.516,59.972],[20.369,60.019],[20.462,60.093],[20.466,60.132],[20.607,60.106],[20.614,60.045]]],[[[22.082,60.238],[22.138,60.188],[22.125,60.149],[21.967,60.099],[21.904,60.132],[21.934,60.143],[21.934,60.238],[22.021,60.206],[22.082,60.238]]],[[[21.718,60.245],[21.561,60.226],[21.561,60.277],[21.64,60.302],[21.629,60.341],[21.67,60.434],[21.744,60.362],[21.683,60.287],[21.718,60.245]]],[[[21.209,60.406],[21.25,60.342],[21.295,60.383],[21.327,60.285],[21.277,60.26],[21.142,60.312],[21.135,60.379],[21.209,60.406]]],[[[21.857,60.164],[21.796,60.11],[21.698,60.134],[21.73,60.201],[21.863,60.216],[21.857,60.164]]],[[[21.673,60.103],[21.542,60.093],[21.505,60.144],[21.583,60.187],[21.646,60.171],[21.673,60.103]]],[[[20.444,60.319],[20.423,60.23],[20.314,60.252],[20.402,60.346],[20.444,60.319]]],[[[21.075,60.404],[21.022,60.328],[20.958,60.427],[20.979,60.475],[21.075,60.404]]],[[[21.12,60.535],[21.101,60.455],[21.021,60.483],[21.003,60.532],[21.02,60.562],[21.12,60.535]]],[[[21.031,60.687],[20.998,60.583],[20.924,60.609],[20.966,60.711],[21.031,60.687]]],[[[20.81,60.226],[20.709,60.226],[20.694,60.26],[20.758,60.313],[20.832,60.272],[20.81,60.226]]],[[[20.846,63.143],[20.753,63.037],[20.706,63.056],[20.765,63.16],[20.846,63.143]]],[[[22.443,59.812],[22.389,59.8],[22.354,59.843],[22.383,59.915],[22.438,59.921],[22.443,59.812]]]]}},{"type":"Feature","properties":{"id":"FO","name":"Faroes","de":"Färöer","fr":"Îles Féroé","eu":false},"geometry":{"type":"MultiPolygon","coordinates":[[[[-6.934,62.29],[-6.865,62.282],[-6.813,62.228],[-6.748,62.212],[-6.683,62.116],[-6.694,62.058],[-6.804,62.109],[-6.797,62.056],[-6.737,61.982],[-6.75,61.941],[-6.977,62.038],[-7.043,62.117],[-7.082,62.049],[-7.204,62.023],[-7.315,62.049],[-7.316,62.075],[-7.462,62.082],[-7.431,62.142],[-7.355,62.125],[-7.272,62.155],[-7.222,62.248],[-7.223,62.297],[-7.082,62.288],[-6.985,62.34],[-6.934,62.29]]],[[[-6.704,61.487],[-6.7,61.406],[-6.873,61.474],[-6.891,61.532],[-6.979,61.58],[-7.004,61.625],[-6.927,61.652],[-6.828,61.581],[-6.753,61.573],[-6.704,61.487]]],[[[-6.706,62.371],[-6.637,62.321],[-6.518,62.365],[-6.471,62.329],[-6.443,62.243],[-6.497,62.176],[-6.582,62.258],[-6.663,62.269],[-6.716,62.336],[-6.706,62.371]]],[[[-6.682,61.848],[-6.67,61.778],[-6.888,61.841],[-6.923,61.885],[-6.897,61.908],[-6.682,61.848]]],[[[-6.306,62.229],[-6.405,62.218],[-6.417,62.264],[-6.347,62.311],[-6.28,62.269],[-6.306,62.229]]]]}},{"type":"Feature","properties":{"id":"GG","name":"Guernsey","de":"Guernsey","fr":"Guernesey","eu":false},"geometry":{"type":"MultiPolygon","coordinates":[[[[-2.584,49.406],[-2.591,49.403],[-2.664,49.445],[-2.584,49.479],[-2.523,49.505],[-2.513,49.434],[-2.584,49.406]]],[[[-2.134,49.756],[-2.165,49.68],[-2.304,49.697],[-2.277,49.737],[-2.134,49.756]]]]}},{"type":"Feature","properties":{"id":"GI","name":"Gibraltar","de":"Gibraltar","fr":"Gibraltar","eu":false},"geometry":{"type":"Polygon","coordinates":[[[-5.339,36.152],[-5.347,36.125],[-5.352,36.153],[-5.344,36.153],[-5.339,36.152]]]}},{"type":"Feature","properties":{"id":"FR","name":"France","de":"Frankreich","fr":"France","eu":true},"geometry":{"type":"MultiPolygon","coordinates":[[[[2.094,51.001],[2.296,51.04],[2.546,51.089],[2.578,51.001],[2.607,50.913],[2.648,50.825],[2.863,50.708],[3.019,50.774],[3.098,50.779],[3.177,50.756],[3.245,50.713],[3.311,50.522],[3.549,50.497],[3.615,50.49],[3.656,50.462],[3.673,50.397],[3.717,50.327],[4.028,50.358],[4.186,50.237],[4.207,50.08],[4.141,49.979],[4.233,49.958],[4.432,49.942],[4.663,49.994],[4.797,50.149],[4.852,50.127],[4.81,49.972],[4.87,49.81],[4.969,49.802],[5.154,49.718],[5.394,49.617],[5.471,49.497],[5.735,49.546],[5.818,49.546],[5.893,49.497],[6.365,49.46],[6.557,49.419],[6.723,49.219],[6.784,49.161],[6.925,49.214],[7.101,49.156],[7.246,49.118],[7.369,49.161],[7.482,49.156],[7.636,49.054],[7.911,49.045],[8.068,48.999],[8.233,48.967],[7.96,48.719],[7.823,48.608],[7.681,48.257],[7.578,48.121],[7.577,48.116],[7.603,47.968],[7.546,47.744],[7.52,47.667],[7.589,47.59],[7.555,47.565],[7.511,47.503],[7.381,47.432],[7.223,47.43],[7.13,47.503],[6.939,47.434],[6.937,47.375],[7.024,47.332],[6.859,47.165],[6.464,46.935],[6.46,46.852],[6.41,46.754],[6.138,46.558],[6.064,46.416],[6.143,46.372],[6.126,46.317],[5.956,46.132],[6.234,46.197],[6.22,46.312],[6.501,46.449],[6.821,46.427],[6.817,46.157],[7.045,45.922],[6.802,45.779],[6.981,45.627],[7.012,45.512],[7.105,45.468],[7.163,45.404],[7.097,45.232],[6.63,45.11],[6.779,44.897],[7.009,44.831],[7.066,44.713],[6.948,44.655],[6.875,44.523],[6.887,44.361],[7.037,44.233],[7.384,44.123],[7.603,44.143],[7.714,44.062],[7.522,43.889],[7.53,43.784],[7.439,43.749],[7.437,43.752],[7.413,43.735],[7.413,43.732],[7.41,43.729],[7.416,43.726],[7.171,43.644],[6.977,43.512],[6.931,43.48],[6.9,43.442],[6.723,43.385],[6.638,43.177],[6.294,43.108],[5.831,43.063],[5.672,43.179],[5.4,43.212],[5.304,43.332],[5.071,43.338],[4.893,43.421],[4.667,43.364],[4.528,43.441],[4.23,43.46],[4.16,43.512],[4.101,43.555],[3.95,43.53],[3.914,43.512],[3.797,43.442],[3.645,43.382],[3.549,43.311],[3.241,43.213],[3.067,42.999],[3.043,42.838],[3.041,42.802],[3.046,42.632],[3.048,42.583],[3.175,42.435],[2.884,42.461],[2.715,42.4],[2.553,42.342],[2.347,42.4],[2.296,42.415],[2.235,42.432],[2.145,42.4],[2.035,42.362],[1.986,42.4],[1.916,42.454],[1.731,42.492],[1.726,42.504],[1.786,42.574],[1.565,42.632],[1.527,42.642],[1.505,42.632],[1.443,42.604],[1.411,42.632],[1.323,42.711],[0.906,42.814],[0.858,42.826],[0.715,42.854],[0.67,42.802],[0.66,42.691],[0.478,42.7],[0.262,42.7],[-0.012,42.7],[-0.313,42.849],[-0.569,42.817],[-0.691,42.898],[-0.725,42.92],[-1.125,43.027],[-1.31,43.077],[-1.389,43.036],[-1.44,43.048],[-1.469,43.083],[-1.419,43.127],[-1.389,43.186],[-1.389,43.258],[-1.729,43.296],[-1.786,43.35],[-1.525,43.53],[-1.374,44.052],[-1.254,44.468],[-1.208,44.612],[-1.114,44.683],[-1.231,44.798],[-1.142,45.478],[-1.054,45.518],[-0.779,45.297],[-0.715,45.328],[-0.837,45.488],[-1.196,45.701],[-1.341,45.944],[-1.31,45.987],[-1.191,45.865],[-1.14,45.889],[-1.097,46.041],[-1.186,46.184],[-1.075,46.32],[-1.125,46.317],[-1.184,46.314],[-1.222,46.278],[-1.389,46.341],[-1.79,46.49],[-1.901,46.651],[-2.094,46.802],[-2.146,46.842],[-2.094,46.901],[-1.98,47.029],[-2.094,47.093],[-2.164,47.133],[-2.189,47.254],[-2.484,47.298],[-2.512,47.377],[-2.458,47.448],[-2.514,47.511],[-2.584,47.507],[-2.805,47.496],[-3.383,47.686],[-3.522,47.805],[-4.319,47.834],[-4.547,48.023],[-4.334,48.137],[-4.47,48.238],[-4.427,48.319],[-4.701,48.361],[-4.753,48.423],[-4.677,48.552],[-4.324,48.661],[-4.04,48.701],[-3.659,48.659],[-3.541,48.808],[-3.165,48.861],[-2.699,48.548],[-2.584,48.585],[-2.514,48.608],[-2.345,48.662],[-2.094,48.594],[-1.941,48.677],[-1.781,48.616],[-1.571,48.627],[-1.505,48.679],[-1.575,48.818],[-1.617,49.149],[-1.8,49.408],[-1.865,49.67],[-1.303,49.668],[-1.263,49.502],[-1.12,49.322],[-0.956,49.39],[-0.178,49.289],[0.262,49.419],[0.297,49.43],[0.31,49.431],[0.334,49.434],[0.341,49.434],[0.367,49.438],[0.371,49.439],[0.407,49.446],[0.426,49.453],[0.462,49.468],[0.475,49.474],[0.484,49.478],[0.494,49.481],[0.503,49.482],[0.516,49.48],[0.523,49.477],[0.537,49.464],[0.559,49.447],[0.571,49.437],[0.58,49.432],[0.585,49.43],[0.595,49.428],[0.599,49.427],[0.606,49.427],[0.615,49.428],[0.622,49.431],[0.619,49.432],[0.613,49.433],[0.599,49.432],[0.584,49.435],[0.568,49.445],[0.546,49.464],[0.54,49.468],[0.53,49.477],[0.521,49.483],[0.513,49.486],[0.51,49.487],[0.501,49.488],[0.494,49.487],[0.483,49.485],[0.476,49.482],[0.462,49.475],[0.436,49.463],[0.433,49.462],[0.422,49.459],[0.402,49.454],[0.387,49.452],[0.378,49.451],[0.36,49.45],[0.337,49.45],[0.304,49.452],[0.275,49.453],[0.27,49.447],[0.263,49.448],[0.087,49.52],[0.162,49.67],[0.262,49.728],[1.38,50.065],[1.598,50.211],[1.554,50.328],[1.645,50.35],[1.573,50.455],[1.608,50.841],[2.094,51.001]]],[[[9.354,41.621],[9.207,41.398],[8.828,41.546],[8.797,41.621],[8.855,41.668],[8.674,41.949],[8.592,42.374],[8.762,42.559],[8.91,42.632],[9.102,42.713],[9.29,42.72],[9.352,42.936],[9.41,42.964],[9.465,42.896],[9.496,42.632],[9.523,42.4],[9.544,42.227],[9.456,41.985],[9.402,41.859],[9.38,41.668],[9.354,41.621]]],[[[-3.263,47.353],[-3.252,47.388],[-3.157,47.364],[-3.114,47.293],[-3.219,47.294],[-3.263,47.353]]],[[[-2.331,47.042],[-2.239,47.048],[-2.226,46.973],[-2.272,46.947],[-2.326,46.981],[-2.331,47.042]]],[[[-1.462,46.211],[-1.473,46.195],[-1.54,46.198],[-1.574,46.248],[-1.513,46.265],[-1.457,46.222],[-1.462,46.211]]],[[[-1.462,46.211],[-1.437,46.238],[-1.406,46.236],[-1.406,46.199],[-1.434,46.184],[-1.462,46.211]]]]}},{"type":"Feature","properties":{"id":"HR","name":"Croatia","de":"Kroatien","fr":"Croatie","eu":true},"geometry":{"type":"MultiPolygon","coordinates":[[[[16.597,46.476],[16.855,46.35],[16.876,46.321],[17.152,46.16],[17.294,45.989],[17.556,45.931],[17.651,45.848],[17.912,45.791],[18.439,45.754],[18.661,45.898],[18.821,45.914],[18.89,45.921],[18.952,45.657],[18.923,45.58],[19.065,45.521],[19.034,45.487],[19.005,45.435],[18.998,45.386],[19.132,45.292],[19.391,45.23],[19.425,45.168],[19.111,45.134],[19.13,44.953],[19.001,44.886],[19.022,44.855],[18.86,44.855],[18.797,44.886],[18.752,45.019],[18.53,45.088],[18.255,45.121],[18.151,45.083],[18.018,45.133],[17.833,45.059],[17.683,45.12],[17.141,45.163],[16.944,45.246],[16.8,45.196],[16.556,45.22],[16.298,45.003],[16.015,45.195],[15.84,45.224],[15.737,44.936],[15.759,44.886],[15.785,44.767],[15.944,44.707],[16.094,44.531],[16.131,44.496],[16.132,44.455],[16.201,44.344],[16.172,44.209],[16.215,44.213],[16.262,44.178],[16.544,43.974],[17.017,43.574],[17.163,43.512],[17.285,43.46],[17.292,43.336],[17.451,43.177],[17.658,43.024],[17.581,42.938],[17.578,42.938],[17.573,42.936],[17.569,42.932],[17.566,42.927],[17.565,42.922],[17.565,42.916],[17.567,42.911],[17.571,42.907],[17.576,42.904],[17.547,42.863],[17.379,42.911],[17.444,42.986],[17.356,43.084],[16.964,43.288],[16.565,43.301],[16.547,43.354],[16.658,43.404],[16.506,43.488],[16.017,43.502],[15.834,43.722],[15.559,43.872],[15.39,43.925],[15.188,44.153],[15.222,44.252],[15.352,44.299],[15.289,44.363],[14.951,44.559],[14.881,45.031],[14.758,45.103],[14.743,44.994],[14.537,45.043],[14.507,45.239],[14.395,45.311],[14.304,45.286],[14.226,45.154],[13.987,44.831],[13.944,44.78],[13.917,44.82],[13.856,44.831],[13.596,45.173],[13.523,45.464],[13.651,45.454],[14.111,45.482],[14.118,45.481],[14.387,45.499],[14.57,45.673],[14.767,45.512],[14.843,45.472],[14.977,45.513],[15.226,45.427],[15.359,45.485],[15.295,45.591],[15.284,45.726],[15.331,45.763],[15.404,45.793],[15.654,45.842],[15.706,45.975],[15.696,46.054],[15.627,46.086],[15.634,46.183],[15.791,46.259],[15.873,46.279],[16.139,46.393],[16.302,46.378],[16.242,46.49],[16.373,46.535],[16.597,46.476]]],[[[17.833,42.886],[18.211,42.632],[18.224,42.624],[18.438,42.556],[18.525,42.42],[18.133,42.632],[17.882,42.768],[17.608,42.846],[17.625,42.884],[17.63,42.882],[17.636,42.881],[17.641,42.882],[17.646,42.885],[17.649,42.889],[17.833,42.886]]],[[[14.428,44.616],[14.457,44.537],[14.325,44.555],[14.374,44.641],[14.317,44.912],[14.394,44.932],[14.396,44.986],[14.455,44.957],[14.462,44.831],[14.503,44.624],[14.428,44.616]]],[[[17.228,42.991],[17.232,42.958],[17.152,42.913],[16.683,42.908],[16.656,42.955],[16.681,42.991],[16.78,42.971],[16.947,42.972],[17.057,43.039],[17.228,42.991]]],[[[15.263,43.896],[15.2,43.859],[15.101,43.926],[15.019,44.027],[15.072,44.084],[15.123,44.042],[15.105,43.99],[15.263,43.896]]],[[[16.656,43.22],[16.737,43.137],[16.689,43.118],[16.433,43.159],[16.418,43.179],[16.451,43.209],[16.567,43.178],[16.656,43.22]]],[[[15.175,44.397],[15.182,44.317],[15.113,44.33],[15.028,44.425],[15.047,44.478],[15.175,44.397]]],[[[16.232,43.018],[16.076,43.009],[16.056,43.052],[16.117,43.078],[16.241,43.07],[16.232,43.018]]],[[[15.33,43.892],[15.341,43.766],[15.227,43.825],[15.225,43.87],[15.33,43.892]]],[[[16.984,43.153],[16.995,43.112],[16.802,43.121],[16.783,43.146],[16.794,43.162],[16.984,43.153]]],[[[14.797,44.777],[14.726,44.753],[14.677,44.823],[14.797,44.861],[14.797,44.777]]],[[[16.412,42.353],[16.287,42.344],[16.247,42.384],[16.382,42.424],[16.412,42.353]]],[[[14.94,44.203],[14.956,44.077],[14.866,44.112],[14.841,44.154],[14.94,44.203]]],[[[16.377,43.361],[16.34,43.327],[16.214,43.395],[16.247,43.426],[16.338,43.404],[16.377,43.361]]],[[[14.639,44.371],[14.55,44.361],[14.509,44.437],[14.569,44.475],[14.639,44.371]]],[[[14.377,45.149],[14.358,45.046],[14.267,45.122],[14.321,45.183],[14.377,45.149]]]]}},{"type":"Feature","properties":{"id":"HU","name":"Hungary","de":"Ungarn","fr":"Hongrie","eu":true},"geometry":{"type":"Polygon","coordinates":[[[21.425,48.575],[21.607,48.495],[21.747,48.353],[22.121,48.378],[22.155,48.403],[22.505,48.232],[22.617,48.108],[22.827,48.097],[22.896,47.954],[22.668,47.795],[22.467,47.789],[22.222,47.667],[22.181,47.6],[22.128,47.598],[22.041,47.522],[22.015,47.398],[21.659,47.022],[21.441,46.651],[21.316,46.599],[21.297,46.431],[21.161,46.311],[21.036,46.251],[20.776,46.276],[20.705,46.161],[20.264,46.126],[20.223,46.131],[19.865,46.15],[19.698,46.188],[19.572,46.167],[19.303,45.992],[19.114,46.017],[19.029,45.939],[18.89,45.921],[18.821,45.914],[18.661,45.898],[18.439,45.754],[17.912,45.791],[17.651,45.848],[17.556,45.931],[17.294,45.989],[17.152,46.16],[16.876,46.321],[16.855,46.35],[16.597,46.476],[16.371,46.722],[16.31,46.85],[16.114,46.869],[16.301,46.994],[16.439,47.016],[16.483,47.109],[16.434,47.353],[16.646,47.447],[16.665,47.598],[16.422,47.665],[16.599,47.742],[16.802,47.691],[17.033,47.714],[17.161,48.007],[17.247,48.012],[17.705,47.759],[17.894,47.739],[18.315,47.737],[18.848,47.818],[18.78,47.876],[18.782,47.961],[18.928,48.057],[19.014,48.078],[19.451,48.101],[19.613,48.235],[19.913,48.146],[20.052,48.168],[20.299,48.287],[20.464,48.464],[20.541,48.536],[20.776,48.574],[21.126,48.505],[21.425,48.575]]]}},{"type":"Feature","properties":{"id":"IS","name":"Iceland","de":"Island","fr":"Islande","eu":false},"geometry":{"type":"Polygon","coordinates":[[[-16.13,66.49],[-15.493,66.233],[-15.037,66.261],[-14.987,66.129],[-14.751,65.979],[-14.657,65.8],[-14.312,65.723],[-13.765,65.491],[-13.664,65.085],[-13.932,64.812],[-14.397,64.614],[-14.566,64.444],[-14.906,64.299],[-15.511,64.234],[-15.986,64.11],[-16.657,63.824],[-17.525,63.73],[-18,63.533],[-18.433,63.443],[-19.151,63.417],[-20.03,63.526],[-21.254,63.86],[-22.007,63.836],[-22.131,63.837],[-22.697,63.82],[-22.731,63.99],[-22.66,64.066],[-22.448,63.978],[-22.126,64.041],[-21.807,64.151],[-21.839,64.257],[-21.749,64.326],[-21.37,64.38],[-21.918,64.364],[-22.315,64.614],[-22.595,64.765],[-23.717,64.805],[-23.431,64.928],[-22.146,65.035],[-22.108,65.102],[-22.338,65.214],[-22.164,65.394],[-22.199,65.459],[-22.918,65.567],[-23.831,65.449],[-24.179,65.577],[-23.958,65.734],[-23.642,65.737],[-23.711,65.977],[-23.478,66.14],[-23.181,66.136],[-22.542,66.003],[-22.59,66.103],[-22.922,66.328],[-22.921,66.392],[-22.83,66.431],[-22.391,66.396],[-21.519,66.003],[-21.405,65.843],[-21.402,65.617],[-21.118,65.398],[-20.789,65.596],[-20.39,65.705],[-20.327,65.991],[-20.242,66.06],[-20.045,66.036],[-19.536,65.815],[-19.333,66.027],[-18.821,66.131],[-18.193,65.848],[-18.21,66.037],[-18.166,66.104],[-17.421,66.053],[-17.128,66.154],[-16.618,66.208],[-16.409,66.457],[-16.13,66.49]]]}},{"type":"Feature","properties":{"id":"IT","name":"Italy","de":"Italien","fr":"Italie","eu":true},"geometry":{"type":"MultiPolygon","coordinates":[[[[12.143,46.999],[12.163,46.917],[12.478,46.68],[12.691,46.657],[12.731,46.634],[13.504,46.566],[13.714,46.523],[13.684,46.437],[13.401,46.314],[13.432,46.24],[13.643,46.165],[13.497,46.051],[13.517,45.984],[13.623,45.964],[13.597,45.82],[13.596,45.808],[13.776,45.749],[13.898,45.636],[13.84,45.591],[13.722,45.595],[13.726,45.69],[13.58,45.787],[13.406,45.725],[13.141,45.761],[13.099,45.645],[12.675,45.515],[12.507,45.533],[12.494,45.473],[12.35,45.398],[12.253,45.412],[12.133,45.3],[12.2,45.257],[12.331,45.161],[12.31,45.071],[12.463,44.949],[12.399,44.793],[12.283,44.821],[12.27,44.63],[12.384,44.225],[12.45,44.162],[12.751,43.97],[13.173,43.75],[13.561,43.594],[13.617,43.512],[13.642,43.474],[13.743,43.294],[13.849,43.067],[13.916,42.895],[14.082,42.632],[14.147,42.531],[14.254,42.445],[14.326,42.4],[14.62,42.219],[14.692,42.175],[14.767,42.075],[14.921,42.017],[14.999,41.985],[15.138,41.927],[16.129,41.912],[16.17,41.773],[16.023,41.668],[15.957,41.621],[15.905,41.585],[16.025,41.426],[16.542,41.229],[17.069,41.07],[17.389,40.892],[17.982,40.654],[18.097,40.515],[18.394,40.316],[18.497,40.146],[18.371,39.814],[18.066,39.923],[17.958,40.164],[17.764,40.296],[17.479,40.309],[17.111,40.511],[16.867,40.398],[16.644,40.119],[16.61,39.951],[16.501,39.803],[16.534,39.677],[17.025,39.484],[17.139,39.389],[17.14,39.188],[17.147,38.941],[16.891,38.927],[16.571,38.76],[16.582,38.47],[16.211,38.177],[16.069,37.942],[15.745,37.928],[15.646,38.016],[15.649,38.208],[15.811,38.309],[15.919,38.507],[15.861,38.656],[16.135,38.729],[16.214,38.81],[16.205,38.912],[16.093,39.049],[16.062,39.188],[16.009,39.407],[15.829,39.654],[15.756,39.923],[15.645,40.043],[15.564,40.07],[15.424,40.003],[15.349,40.006],[15.287,40.031],[15.248,40.085],[15.146,40.156],[15.039,40.178],[14.942,40.23],[14.926,40.272],[14.986,40.363],[14.987,40.402],[14.882,40.576],[14.787,40.659],[14.551,40.616],[14.469,40.62],[14.397,40.747],[14.032,40.899],[13.761,41.223],[13.292,41.291],[13.065,41.241],[12.773,41.416],[12.611,41.468],[12.429,41.621],[12.373,41.668],[11.996,41.985],[11.958,42.017],[11.835,42.043],[11.734,42.158],[11.689,42.219],[11.644,42.281],[11.45,42.378],[11.151,42.406],[11.147,42.53],[11.054,42.632],[10.959,42.723],[10.789,42.788],[10.706,42.942],[10.513,42.958],[10.506,43.262],[10.345,43.512],[10.3,43.582],[10.258,43.815],[10.143,43.975],[10.019,44.045],[9.8,44.071],[9.511,44.217],[9.135,44.362],[8.768,44.419],[8.633,44.38],[8.275,44.128],[8.135,43.939],[7.962,43.854],[7.53,43.784],[7.522,43.889],[7.714,44.062],[7.603,44.143],[7.384,44.123],[7.037,44.233],[6.887,44.361],[6.875,44.523],[6.948,44.655],[7.066,44.713],[7.009,44.831],[6.779,44.897],[6.63,45.11],[7.097,45.232],[7.163,45.404],[7.105,45.468],[7.012,45.512],[6.981,45.627],[6.802,45.779],[7.045,45.922],[7.154,45.863],[7.582,45.968],[7.864,45.917],[7.877,45.927],[8.137,46.154],[8.109,46.264],[8.385,46.452],[8.458,46.42],[8.464,46.252],[8.714,46.097],[8.829,46.067],[8.912,45.83],[9.038,45.871],[9.029,46.021],[9.159,46.17],[9.249,46.234],[9.263,46.453],[9.317,46.496],[9.438,46.479],[9.567,46.306],[9.912,46.37],[10.094,46.241],[10.155,46.272],[10.13,46.4],[10.051,46.467],[10.107,46.582],[10.218,46.621],[10.453,46.531],[10.469,46.6],[10.398,46.68],[10.47,46.855],[10.665,46.863],[10.994,46.77],[11.164,46.966],[11.627,47.013],[11.775,46.983],[12.136,47.081],[12.241,47.069],[12.143,46.999]],[[12.362,41.884],[12.391,41.869],[12.519,41.878],[12.49,41.955],[12.433,41.94],[12.362,41.884]],[[12.418,43.951],[12.418,43.899],[12.494,43.916],[12.5,43.981],[12.418,43.951]]],[[[15.541,38.146],[15.258,37.807],[15.096,37.475],[15.091,37.358],[15.226,37.262],[15.204,37.181],[15.298,37.049],[15.125,36.857],[15.117,36.681],[15,36.703],[14.528,36.793],[14.338,37.002],[14.036,37.106],[13.686,37.189],[12.896,37.577],[12.677,37.576],[12.494,37.688],[12.442,37.795],[12.51,38.014],[12.752,38.153],[12.877,38.044],[12.977,38.04],[13.097,38.171],[13.303,38.209],[13.729,37.982],[14.183,38.019],[14.379,38.019],[14.76,38.155],[15.104,38.131],[15.563,38.279],[15.541,38.146]]],[[[9.527,41.023],[9.749,40.658],[9.808,40.49],[9.627,40.225],[9.72,40.061],[9.651,39.549],[9.578,39.175],[9.547,39.138],[9.465,39.126],[9.367,39.175],[9.222,39.224],[9.144,39.191],[9.088,39.208],[9.043,39.175],[9.02,39.013],[8.876,38.892],[8.632,38.91],[8.612,38.958],[8.521,39.048],[8.405,38.984],[8.368,39.069],[8.403,39.175],[8.393,39.447],[8.458,39.707],[8.502,39.713],[8.534,39.864],[8.408,39.937],[8.475,40.251],[8.4,40.408],[8.308,40.568],[8.161,40.598],[8.213,40.859],[8.514,40.827],[8.803,40.931],[8.876,41.015],[9.203,41.241],[9.517,41.138],[9.527,41.023]]],[[[10.448,42.849],[10.426,42.72],[10.36,42.758],[10.131,42.731],[10.096,42.784],[10.181,42.812],[10.241,42.788],[10.27,42.827],[10.37,42.819],[10.417,42.875],[10.448,42.849]]],[[[14.896,38.609],[14.895,38.533],[14.974,38.533],[14.953,38.442],[14.785,38.563],[14.821,38.608],[14.896,38.609]]],[[[12.052,36.748],[11.993,36.734],[11.921,36.817],[11.951,36.842],[12.055,36.8],[12.052,36.748]]],[[[8.332,39.199],[8.289,39.069],[8.225,39.135],[8.254,39.199],[8.332,39.199]]],[[[12.912,35.907],[12.925,35.821],[12.834,35.821],[12.788,35.877],[12.912,35.907]]],[[[13.974,40.749],[13.931,40.685],[13.83,40.704],[13.845,40.771],[13.974,40.749]]],[[[15.602,42.155],[15.512,42.089],[15.47,42.177],[15.542,42.206],[15.602,42.155]]],[[[10.975,42.359],[10.886,42.294],[10.838,42.357],[10.889,42.401],[10.926,42.401],[10.975,42.359]]],[[[9.886,43.046],[9.824,42.982],[9.766,43.04],[9.831,43.116],[9.886,43.046]]],[[[8.267,40.965],[8.23,40.877],[8.143,40.933],[8.199,40.999],[8.267,40.965]]],[[[8.356,41.046],[8.288,41.045],[8.247,41.106],[8.322,41.143],[8.375,41.091],[8.356,41.046]]]]}},{"type":"Feature","properties":{"id":"JE","name":"Jersey","de":"Jersey","fr":"Jersey","eu":false},"geometry":{"type":"Polygon","coordinates":[[[-2.235,49.236],[-2.159,49.262],[-2.094,49.247],[-2.024,49.232],[-2.027,49.166],[-2.094,49.175],[-2.222,49.192],[-2.235,49.236]]]}},{"type":"Feature","properties":{"id":"IE","name":"Ireland","de":"Irland","fr":"Irlande","eu":true},"geometry":{"type":"MultiPolygon","coordinates":[[[[-7.057,55.248],[-7.256,55.067],[-7.613,54.755],[-7.819,54.701],[-7.703,54.608],[-8.002,54.532],[-8.132,54.444],[-8.103,54.409],[-7.847,54.228],[-7.612,54.147],[-7.301,54.132],[-7.164,54.237],[-7.189,54.338],[-7.024,54.406],[-6.864,54.33],[-6.79,54.213],[-6.644,54.18],[-6.654,54.091],[-6.595,54.045],[-6.268,54.102],[-6.191,54.017],[-6.359,53.949],[-6.253,53.826],[-6.215,53.633],[-6.097,53.552],[-6.171,53.33],[-6.103,53.211],[-6.031,52.957],[-6.145,52.738],[-6.292,52.466],[-6.348,52.412],[-6.364,52.373],[-6.43,52.322],[-6.337,52.238],[-6.376,52.184],[-6.961,52.215],[-7.028,52.143],[-7.418,52.125],[-7.575,52.081],[-7.629,51.987],[-7.842,51.954],[-8.691,51.604],[-9.327,51.493],[-9.591,51.546],[-9.652,51.678],[-10.006,51.644],[-10.023,51.772],[-10.29,51.864],[-10.062,52.081],[-10.297,52.146],[-10.29,52.215],[-9.936,52.266],[-9.795,52.472],[-9.598,52.555],[-9.365,52.572],[-9.658,52.653],[-9.299,53.079],[-9.009,53.141],[-9.004,53.203],[-9.047,53.26],[-9.714,53.245],[-9.848,53.313],[-9.875,53.404],[-10.087,53.422],[-10.138,53.498],[-10.069,53.583],[-9.909,53.621],[-9.888,53.752],[-9.684,53.828],[-9.731,53.886],[-9.939,53.88],[-10.063,53.959],[-10.039,54],[-9.871,53.993],[-9.964,54.194],[-10.056,54.217],[-10.04,54.259],[-9.695,54.322],[-9.349,54.312],[-9.132,54.162],[-8.98,54.27],[-8.666,54.284],[-8.587,54.384],[-8.271,54.541],[-8.283,54.608],[-8.625,54.626],[-8.748,54.687],[-8.464,54.846],[-8.419,55],[-8.279,55.126],[-7.682,55.231],[-7.527,55.072],[-7.48,55.246],[-7.376,55.316],[-7.057,55.248]]],[[[-8.468,54.994],[-8.547,54.939],[-8.603,55.042],[-8.545,55.058],[-8.468,54.994]]],[[[-9.684,51.47],[-9.769,51.446],[-9.816,51.483],[-9.757,51.536],[-9.694,51.535],[-9.684,51.47]]],[[[-10.118,54.03],[-10.135,53.928],[-10.224,53.981],[-10.214,54.043],[-10.118,54.03]]]]}},{"type":"Feature","properties":{"id":"IM","name":"Isle of Man","de":"Insel Man","fr":"Île de Man","eu":false},"geometry":{"type":"Polygon","coordinates":[[[-4.757,54.097],[-4.719,54.212],[-4.612,54.27],[-4.533,54.37],[-4.363,54.419],[-4.383,54.346],[-4.315,54.304],[-4.467,54.142],[-4.671,54.061],[-4.757,54.097]]]}},{"type":"Feature","properties":{"id":"IQ","name":"Iraq","de":"Irak","fr":"Iraq","eu":false},"geometry":{"type":"Polygon","coordinates":[[[43.425,37.275],[43.861,37.229],[44.031,37.313],[44.086,37.307],[44.158,37.301],[44.236,37.243],[44.214,37.074],[44.296,36.985],[44.603,37.159],[44.793,37.176],[44.878,36.984],[44.876,36.815],[45.039,36.682],[45.043,36.496],[45.255,36.374],[45.382,36.01],[45.579,35.969],[45.655,35.915],[45.779,35.826],[46.085,35.85],[46.26,35.793],[46.013,35.608],[46.148,35.112],[45.912,35.041],[45.693,34.755],[45.708,34.573],[45.655,34.569],[45.557,34.561],[45.485,34.479],[45.568,34.229],[45.46,33.965],[45.655,33.751],[45.731,33.669],[45.908,33.598],[46.146,33.304],[46.15,32.98],[46.515,32.89],[47.153,32.489],[47.426,32.411],[47.812,31.836],[47.834,31.803],[47.812,31.737],[47.693,31.381],[47.692,31.065],[47.812,31.027],[48.006,30.965],[48.045,30.501],[48.363,30.237],[48.484,29.979],[48.503,29.935],[48.432,29.927],[48.174,30.035],[48.088,30.038],[47.959,30.004],[47.812,30.052],[47.656,30.103],[47.381,30.1],[47.192,30.029],[46.859,29.436],[46.553,29.101],[46.368,29.066],[45.655,29.129],[44.713,29.211],[44.603,29.291],[44.086,29.665],[42.467,30.838],[42.236,31.005],[40.42,31.94],[39.201,32.154],[39.277,32.291],[39.234,32.342],[39.028,32.356],[39.003,32.461],[39.069,32.547],[38.793,33.375],[41.016,34.437],[41.228,34.791],[41.266,35.395],[41.39,35.667],[41.267,36.055],[41.285,36.279],[41.453,36.529],[41.87,36.623],[42.346,37.038],[42.356,37.108],[42.467,37.136],[42.573,37.162],[42.784,37.371],[43.173,37.363],[43.425,37.275]]]}},{"type":"Feature","properties":{"id":"LI","name":"Liechtenstein","de":"Liechtenstein","fr":"Liechtenstein","eu":false},"geometry":{"type":"Polygon","coordinates":[[[9.476,47.052],[9.531,47.271],[9.621,47.152],[9.607,47.061],[9.476,47.052]]]}},{"type":"Feature","properties":{"id":"NL","name":"Netherlands","de":"Niederlande","fr":"Pays-Bas","eu":true},"geometry":{"type":"MultiPolygon","coordinates":[[[[6.875,53.408],[6.921,53.338],[7.075,53.298],[7.093,53.257],[7.209,53.243],[7.217,53.201],[7.203,53.113],[7.197,52.982],[7.093,52.838],[7.006,52.639],[6.71,52.628],[6.698,52.486],[7.01,52.439],[7.066,52.241],[6.76,52.119],[6.731,52.051],[6.779,51.936],[6.408,51.828],[6.168,51.901],[6.006,51.832],[5.953,51.748],[6.195,51.519],[6.224,51.365],[6.073,51.243],[6.175,51.185],[5.877,51.032],[6.087,50.913],[6.021,50.754],[5.892,50.755],[5.774,50.775],[5.682,50.757],[5.688,50.812],[5.67,50.874],[5.766,51.009],[5.798,51.06],[5.79,51.162],[5.566,51.221],[5.5,51.285],[5.238,51.262],[5.111,51.348],[5.102,51.429],[5.041,51.467],[4.864,51.434],[4.76,51.502],[4.67,51.426],[4.49,51.47],[4.409,51.447],[4.391,51.366],[4.28,51.376],[4.244,51.375],[3.775,51.42],[3.575,51.499],[3.636,51.568],[3.858,51.585],[3.839,51.758],[4.045,51.854],[3.999,51.972],[4.128,52.001],[4.163,52.03],[4.198,52.054],[4.374,52.187],[4.494,52.328],[4.561,52.437],[4.61,52.573],[4.649,52.756],[4.729,53.056],[4.82,53.158],[4.896,53.113],[4.793,52.995],[4.835,52.91],[5.164,53.001],[5.411,53.152],[5.431,53.201],[5.824,53.368],[6.191,53.411],[6.301,53.399],[6.751,53.46],[6.875,53.408]]],[[[3.549,51.401],[3.805,51.343],[3.979,51.388],[4.235,51.348],[3.978,51.225],[3.856,51.211],[3.75,51.267],[3.549,51.291],[3.381,51.274],[3.366,51.37],[3.549,51.401]]],[[[5.227,53.424],[5.26,53.395],[5.263,53.4],[5.266,53.404],[5.271,53.407],[5.276,53.409],[5.301,53.412],[5.307,53.412],[5.312,53.409],[5.317,53.406],[5.32,53.4],[5.322,53.395],[5.321,53.389],[5.318,53.383],[5.314,53.379],[5.311,53.376],[5.304,53.374],[5.3,53.375],[5.296,53.371],[5.293,53.37],[5.284,53.371],[5.276,53.372],[5.273,53.373],[5.268,53.375],[5.264,53.379],[5.261,53.384],[5.26,53.389],[5.259,53.373],[5.233,53.335],[5.166,53.328],[5.142,53.365],[5.156,53.395],[5.197,53.42],[5.227,53.424]]],[[[5.728,53.44],[5.633,53.403],[5.562,53.45],[5.656,53.498],[5.728,53.44]]],[[[6.682,53.535],[6.62,53.491],[6.544,53.531],[6.618,53.565],[6.682,53.535]]]]}},{"type":"Feature","properties":{"id":"MT","name":"Malta","de":"Malta","fr":"Malte","eu":true},"geometry":{"type":"MultiPolygon","coordinates":[[[[14.564,35.85],[14.509,35.813],[14.378,35.85],[14.335,35.889],[14.329,35.971],[14.378,35.972],[14.564,35.85]]],[[[14.324,36.054],[14.266,36.003],[14.173,36.034],[14.169,36.071],[14.252,36.088],[14.324,36.054]]]]}},{"type":"Feature","properties":{"id":"PT","name":"Portugal","de":"Portugal","fr":"Portugal","eu":true},"geometry":{"type":"Polygon","coordinates":[[[-8.196,41.925],[-8.165,41.818],[-8.052,41.821],[-7.735,41.902],[-7.416,41.828],[-7.2,41.88],[-7.159,41.973],[-6.986,41.971],[-6.603,41.932],[-6.519,41.707],[-6.309,41.657],[-6.206,41.563],[-6.344,41.38],[-6.416,41.345],[-6.445,41.304],[-6.48,41.294],[-6.69,41.205],[-6.809,41.055],[-6.93,41.029],[-6.813,40.835],[-6.801,40.361],[-6.865,40.271],[-6.951,40.257],[-7.005,40.16],[-6.878,39.975],[-7.024,39.686],[-7.543,39.663],[-7.315,39.456],[-7.231,39.278],[-7.126,39.123],[-6.968,39.032],[-7.068,38.846],[-7.203,38.751],[-7.308,38.458],[-7.108,38.188],[-6.932,38.208],[-7.013,38.04],[-7.236,37.964],[-7.513,37.526],[-7.402,37.175],[-7.888,36.973],[-8.174,37.08],[-8.579,37.114],[-8.958,37.019],[-8.911,37.19],[-8.796,37.443],[-8.798,37.859],[-8.865,37.978],[-8.735,38.516],[-9.18,38.434],[-9.247,38.637],[-9.487,38.742],[-9.416,39.055],[-9.341,39.348],[-9.14,39.526],[-9.04,39.741],[-8.895,40.046],[-8.784,40.52],[-8.687,40.692],[-8.653,40.965],[-8.776,41.472],[-8.799,41.563],[-8.812,41.612],[-8.863,41.872],[-8.608,42.052],[-8.199,42.154],[-8.105,42.038],[-8.196,41.925]]]}},{"type":"Feature","properties":{"id":"RO","name":"Romania","de":"Rumänien","fr":"Roumanie","eu":true},"geometry":{"type":"Polygon","coordinates":[[[27.169,47.95],[27.316,47.643],[27.391,47.589],[27.847,47.117],[28.078,46.976],[28.114,46.838],[28.24,46.616],[28.241,46.428],[28.144,46.255],[28.116,46.108],[28.165,45.687],[28.112,45.597],[28.211,45.467],[28.41,45.309],[28.747,45.249],[29.433,45.428],[29.615,45.348],[29.68,45.212],[29.61,44.854],[29.17,44.776],[28.994,44.68],[28.644,44.31],[28.657,43.988],[28.579,43.739],[28.222,43.765],[28.012,43.844],[27.92,43.989],[27.695,43.987],[27.395,44.022],[27.271,44.126],[26.949,44.138],[26.382,44.039],[26.358,44.037],[26.119,43.967],[25.895,43.803],[25.672,43.688],[25.545,43.643],[25.296,43.655],[24.655,43.724],[24.48,43.751],[24.324,43.698],[24.112,43.7],[23.63,43.791],[23.409,43.85],[22.997,43.808],[22.858,43.876],[22.895,43.975],[23.023,44.042],[22.966,44.098],[22.675,44.216],[22.478,44.449],[22.61,44.533],[22.73,44.535],[22.705,44.594],[22.418,44.693],[22.145,44.484],[22.016,44.599],[22.012,44.602],[21.655,44.669],[21.573,44.752],[21.358,44.822],[21.547,44.886],[21.406,45.001],[21.504,45.13],[21.479,45.193],[21.017,45.325],[20.818,45.492],[20.81,45.754],[20.663,45.794],[20.264,46.126],[20.705,46.161],[20.776,46.276],[21.036,46.251],[21.161,46.311],[21.297,46.431],[21.316,46.599],[21.441,46.651],[21.659,47.022],[22.015,47.398],[22.041,47.522],[22.128,47.598],[22.181,47.6],[22.222,47.667],[22.467,47.789],[22.668,47.795],[22.896,47.954],[23.193,48.11],[23.494,47.968],[23.57,48.007],[24.215,47.903],[24.568,47.956],[24.947,47.729],[25.09,47.748],[25.289,47.907],[25.895,47.962],[26.099,47.979],[26.206,48.018],[26.351,48.184],[26.631,48.26],[26.807,48.245],[27.019,48.121],[27.169,47.95]]]}},{"type":"Feature","properties":{"id":"PL","name":"Poland","de":"Polen","fr":"Pologne","eu":true},"geometry":{"type":"Polygon","coordinates":[[[18.616,54.423],[18.95,54.358],[19.342,54.37],[19.639,54.458],[19.648,54.453],[19.262,54.337],[19.257,54.278],[19.41,54.276],[19.804,54.442],[20.314,54.402],[21.559,54.323],[22.792,54.363],[22.965,54.387],[23.321,54.253],[23.496,54.126],[23.515,53.957],[23.589,53.696],[23.863,53.201],[23.916,52.905],[23.903,52.697],[23.46,52.54],[23.178,52.283],[23.66,52.048],[23.618,51.796],[23.545,51.723],[23.617,51.51],[23.709,51.278],[24.093,50.859],[23.979,50.806],[24.091,50.643],[24.044,50.464],[23.724,50.379],[23.548,50.252],[22.686,49.573],[22.745,49.235],[22.833,49.069],[22.567,49.088],[22.068,49.22],[21.879,49.376],[21.398,49.434],[21.122,49.417],[20.937,49.312],[20.615,49.418],[20.567,49.385],[20.417,49.405],[20.173,49.325],[20.078,49.198],[19.884,49.204],[19.785,49.219],[19.782,49.387],[19.658,49.41],[19.467,49.614],[19.164,49.419],[18.996,49.41],[18.938,49.502],[18.852,49.517],[18.802,49.659],[18.615,49.75],[18.576,49.91],[18.327,49.928],[18.035,50.066],[17.846,49.989],[17.652,50.14],[17.735,50.212],[17.73,50.285],[17.43,50.255],[16.908,50.449],[16.887,50.406],[16.995,50.269],[16.863,50.198],[16.714,50.116],[16.58,50.143],[16.259,50.454],[16.388,50.543],[16.392,50.603],[16.107,50.662],[16.048,50.63],[15.798,50.742],[15.535,50.779],[15.377,50.802],[15.243,50.984],[15.062,51.011],[14.977,50.878],[14.823,50.871],[14.997,51.138],[15.023,51.276],[14.974,51.364],[14.933,51.465],[14.767,51.519],[14.73,51.582],[14.741,51.665],[14.614,51.826],[14.717,52.001],[14.755,52.07],[14.696,52.229],[14.601,52.272],[14.534,52.395],[14.63,52.522],[14.565,52.624],[14.436,52.68],[14.154,52.839],[14.157,52.896],[14.144,52.961],[14.342,53.063],[14.378,53.201],[14.431,53.26],[14.412,53.33],[14.269,53.699],[14.504,53.691],[14.578,53.82],[14.465,53.856],[14.214,53.842],[14.213,53.866],[14.226,53.929],[14.387,53.919],[14.641,53.997],[14.74,53.941],[14.849,54.046],[15.388,54.159],[16.109,54.281],[16.492,54.519],[16.699,54.569],[17.257,54.73],[17.667,54.783],[18.33,54.828],[18.542,54.584],[18.616,54.423]]]}},{"type":"Feature","properties":{"id":"LT","name":"Lithuania","de":"Litauen","fr":"Lituanie","eu":true},"geometry":{"type":"Polygon","coordinates":[[[23.745,56.363],[24.152,56.253],[24.531,56.281],[24.671,56.389],[24.883,56.427],[25.112,56.19],[25.641,56.126],[25.821,56.052],[25.895,56],[26.046,55.944],[26.368,55.717],[26.63,55.681],[26.529,55.374],[26.733,55.312],[26.743,55.254],[26.666,55.164],[26.312,55.134],[26.186,54.998],[25.895,54.935],[25.75,54.806],[25.745,54.585],[25.574,54.357],[25.761,54.241],[25.77,54.177],[25.563,54.159],[25.551,54.265],[25.49,54.297],[25.238,54.251],[25.076,54.148],[24.836,54.149],[24.784,53.995],[24.625,54.002],[24.411,53.905],[24.188,53.962],[23.515,53.957],[23.496,54.126],[23.321,54.253],[22.965,54.387],[22.792,54.363],[22.693,54.566],[22.865,54.818],[22.589,55.07],[22.08,55.042],[21.651,55.18],[21.38,55.279],[21.274,55.246],[21.235,55.483],[21.103,55.657],[21.058,55.864],[21.064,56.069],[21.179,56.083],[21.274,56.185],[21.53,56.3],[21.978,56.385],[22.117,56.427],[22.636,56.368],[22.853,56.368],[22.921,56.399],[23.058,56.322],[23.265,56.373],[23.745,56.363]]]}},{"type":"Feature","properties":{"id":"LU","name":"Luxembourg","de":"Luxemburg","fr":"Luxembourg","eu":true},"geometry":{"type":"Polygon","coordinates":[[[6.138,50.13],[6.179,49.962],[6.365,49.85],[6.475,49.821],[6.482,49.721],[6.365,49.54],[6.365,49.46],[5.893,49.497],[5.818,49.546],[5.894,49.665],[5.746,49.854],[5.899,50.103],[6.025,50.183],[6.138,50.13]]]}},{"type":"Feature","properties":{"id":"LV","name":"Latvia","de":"Lettland","fr":"Lettonie","eu":true},"geometry":{"type":"Polygon","coordinates":[[[26.295,57.602],[26.525,57.526],[26.912,57.621],[27.352,57.518],[27.528,57.525],[27.547,57.428],[27.691,57.371],[27.853,57.266],[27.675,56.855],[27.873,56.852],[28.114,56.566],[28.223,56.282],[28.155,56.17],[27.677,55.933],[27.587,55.795],[27.098,55.842],[26.816,55.694],[26.63,55.681],[26.368,55.717],[26.046,55.944],[25.895,56],[25.821,56.052],[25.641,56.126],[25.112,56.19],[24.883,56.427],[24.671,56.389],[24.531,56.281],[24.152,56.253],[23.745,56.363],[23.265,56.373],[23.058,56.322],[22.921,56.399],[22.853,56.368],[22.636,56.368],[22.117,56.427],[21.978,56.385],[21.53,56.3],[21.274,56.185],[21.179,56.083],[21.064,56.069],[20.977,56.341],[21.061,56.807],[21.371,57.009],[21.411,57.198],[21.452,57.309],[21.727,57.568],[22.517,57.742],[22.575,57.729],[22.656,57.577],[23.058,57.375],[23.147,57.316],[23.207,57.198],[23.285,57.081],[23.593,56.976],[23.935,57.006],[24.119,57.086],[24.343,57.198],[24.403,57.299],[24.353,57.877],[24.834,57.973],[25.046,58.04],[25.359,58.046],[25.895,57.85],[26.026,57.843],[26.295,57.602]]]}},{"type":"Feature","properties":{"id":"MA","name":"Morocco","de":"Marokko","fr":"Maroc","eu":false},"geometry":{"type":"Polygon","coordinates":[[[-5.343,35.871],[-5.347,35.854],[-5.353,35.848],[-5.353,35.839],[-5.346,35.768],[-5.335,35.716],[-5.328,35.697],[-5.319,35.684],[-5.306,35.683],[-5.291,35.687],[-5.274,35.685],[-5.28,35.67],[-5.283,35.664],[-5.265,35.603],[-5.24,35.55],[-5.234,35.548],[-5.226,35.55],[-5.213,35.538],[-5.201,35.541],[-5.193,35.536],[-5.184,35.536],[-5.174,35.532],[-5.152,35.504],[-5.106,35.476],[-5.062,35.408],[-5.032,35.4],[-5.017,35.403],[-4.993,35.378],[-4.964,35.356],[-4.926,35.317],[-4.898,35.305],[-4.878,35.3],[-4.868,35.301],[-4.856,35.29],[-4.846,35.279],[-4.818,35.258],[-4.798,35.252],[-4.782,35.238],[-4.767,35.234],[-4.753,35.226],[-4.736,35.224],[-4.722,35.217],[-4.68,35.205],[-4.67,35.207],[-4.663,35.212],[-4.657,35.211],[-4.65,35.213],[-4.633,35.197],[-4.612,35.189],[-4.602,35.188],[-4.59,35.191],[-4.522,35.176],[-4.494,35.176],[-4.444,35.158],[-4.425,35.155],[-4.404,35.158],[-4.389,35.153],[-4.378,35.154],[-4.373,35.149],[-4.368,35.15],[-4.356,35.148],[-4.339,35.157],[-4.326,35.158],[-4.314,35.166],[-4.308,35.168],[-4.301,35.168],[-4.295,35.171],[-4.291,35.173],[-4.287,35.181],[-4.283,35.178],[-4.251,35.188],[-4.24,35.185],[-4.227,35.185],[-4.219,35.184],[-4.215,35.186],[-4.214,35.189],[-4.209,35.188],[-4.189,35.198],[-4.177,35.198],[-4.164,35.202],[-4.16,35.201],[-4.154,35.197],[-4.149,35.199],[-4.139,35.199],[-4.133,35.201],[-4.112,35.206],[-4.09,35.22],[-4.07,35.224],[-4.062,35.229],[-4.054,35.229],[-4.042,35.235],[-4.035,35.234],[-4.018,35.24],[-4.016,35.235],[-4.008,35.232],[-3.996,35.236],[-3.981,35.236],[-3.942,35.258],[-3.929,35.261],[-3.92,35.259],[-3.916,35.255],[-3.923,35.25],[-3.925,35.244],[-3.92,35.24],[-3.923,35.233],[-3.907,35.214],[-3.905,35.214],[-3.884,35.205],[-3.862,35.2],[-3.854,35.198],[-3.836,35.197],[-3.818,35.2],[-3.791,35.209],[-3.772,35.222],[-3.765,35.233],[-3.758,35.265],[-3.751,35.273],[-3.741,35.275],[-3.73,35.283],[-3.721,35.285],[-3.715,35.284],[-3.707,35.288],[-3.686,35.284],[-3.678,35.285],[-3.675,35.279],[-3.662,35.267],[-3.585,35.225],[-3.568,35.22],[-3.559,35.221],[-3.538,35.218],[-3.489,35.2],[-3.474,35.199],[-3.452,35.205],[-3.443,35.198],[-3.425,35.192],[-3.335,35.186],[-3.323,35.191],[-3.304,35.204],[-3.26,35.213],[-3.249,35.218],[-3.241,35.219],[-3.237,35.222],[-3.225,35.222],[-3.217,35.227],[-3.205,35.224],[-3.188,35.23],[-3.16,35.251],[-3.134,35.284],[-3.124,35.283],[-3.117,35.276],[-3.108,35.272],[-3.094,35.276],[-3.081,35.284],[-3.068,35.294],[-3.051,35.315],[-3.013,35.377],[-3.009,35.39],[-3.01,35.394],[-3.004,35.396],[-3.008,35.402],[-3.005,35.409],[-2.996,35.416],[-2.993,35.42],[-2.988,35.423],[-2.983,35.424],[-2.977,35.424],[-2.972,35.422],[-2.968,35.418],[-2.964,35.413],[-2.957,35.401],[-2.963,35.392],[-2.961,35.384],[-2.965,35.379],[-2.971,35.365],[-2.969,35.359],[-2.964,35.356],[-2.957,35.346],[-2.962,35.333],[-2.973,35.315],[-2.975,35.302],[-2.97,35.289],[-2.928,35.273],[-2.836,35.118],[-2.584,35.092],[-2.407,35.128],[-2.21,35.085],[-2.094,34.996],[-1.768,34.746],[-1.827,34.619],[-1.715,34.495],[-1.762,34.39],[-1.655,34.097],[-1.712,33.708],[-1.594,33.57],[-1.662,33.301],[-1.487,33.064],[-1.517,32.932],[-1.385,32.756],[-1.125,32.579],[-1.022,32.508],[-1.125,32.427],[-1.23,32.345],[-1.25,32.2],[-1.175,32.126],[-1.211,32.091],[-1.989,32.17],[-2.094,32.163],[-2.514,32.136],[-2.584,32.132],[-2.868,32.114],[-2.916,32.034],[-2.845,31.808],[-3.302,31.705],[-3.66,31.603],[-3.676,31.395],[-3.769,31.245],[-3.546,30.99],[-3.66,30.702],[-4.297,30.534],[-4.606,30.291],[-4.951,30.127],[-5.282,29.891],[-5.549,29.516],[-5.717,29.53],[-5.81,29.606],[-6.435,29.561],[-6.782,29.473],[-7.166,29.508],[-7.369,29.392],[-7.586,29.36],[-8.637,28.72],[-8.667,27.662],[-13.173,27.667],[-12.902,27.95],[-12.102,28.085],[-11.501,28.32],[-11.044,28.753],[-10.535,29.016],[-10.2,29.336],[-9.79,29.873],[-9.637,30.209],[-9.62,30.401],[-9.872,30.652],[-9.812,30.834],[-9.823,31.411],[-9.667,31.705],[-9.27,32.177],[-9.256,32.555],[-8.864,32.879],[-8.58,33.209],[-7.525,33.635],[-6.963,33.929],[-6.774,34.111],[-6.344,34.787],[-5.923,35.772],[-5.382,35.913],[-5.343,35.871]]]}},{"type":"Feature","properties":{"id":"MC","name":"Monaco","de":"Monaco","fr":"Monaco","eu":false},"geometry":{"type":"Polygon","coordinates":[[[7.439,43.749],[7.416,43.726],[7.41,43.729],[7.413,43.732],[7.413,43.735],[7.437,43.752],[7.439,43.749]]]}},{"type":"Feature","properties":{"id":"MD","name":"Moldova","de":"Moldau","fr":"Moldavie","eu":false},"geometry":{"type":"Polygon","coordinates":[[[28.211,45.467],[28.112,45.597],[28.165,45.687],[28.116,46.108],[28.144,46.255],[28.241,46.428],[28.24,46.616],[28.114,46.838],[28.078,46.976],[27.847,47.117],[27.391,47.589],[27.316,47.643],[27.169,47.95],[27.019,48.121],[26.807,48.245],[26.631,48.26],[26.776,48.312],[26.814,48.403],[27.212,48.382],[27.677,48.456],[28.084,48.266],[28.312,48.227],[28.465,48.11],[28.724,48.14],[28.951,47.973],[29.153,47.961],[29.244,47.781],[29.181,47.5],[29.416,47.327],[29.558,47.326],[29.608,46.986],[29.935,46.779],[29.943,46.541],[30.038,46.401],[29.882,46.375],[29.744,46.425],[29.611,46.381],[29.448,46.465],[29.271,46.444],[29.194,46.525],[28.995,46.47],[28.962,46.295],[29.028,46.166],[28.984,46.048],[28.809,45.972],[28.744,45.835],[28.536,45.706],[28.476,45.52],[28.211,45.467]]]}},{"type":"Feature","properties":{"id":"ME","name":"Montenegro","de":"Montenegro","fr":"Monténégro","eu":false},"geometry":{"type":"Polygon","coordinates":[[[19.224,43.528],[19.671,43.194],[20.064,43.007],[20.223,42.95],[20.328,42.905],[20.353,42.833],[20.065,42.742],[20.095,42.632],[20.076,42.556],[19.831,42.466],[19.735,42.632],[19.733,42.635],[19.727,42.632],[19.617,42.577],[19.472,42.4],[19.322,42.219],[19.378,42.082],[19.376,41.985],[19.373,41.844],[19.183,41.941],[19.161,41.985],[19.145,42.017],[18.919,42.219],[18.888,42.247],[18.743,42.299],[18.684,42.4],[18.643,42.4],[18.577,42.4],[18.525,42.42],[18.438,42.556],[18.533,42.632],[18.566,42.659],[18.468,42.804],[18.503,42.98],[18.646,43.052],[18.694,43.243],[18.889,43.342],[19.011,43.273],[19.062,43.309],[18.959,43.46],[18.985,43.512],[19.014,43.533],[19.224,43.528]]]}},{"type":"Feature","properties":{"id":"MK","name":"North Macedonia","de":"Nordmazedonien","fr":"Macédoine du Nord","eu":false},"geometry":{"type":"Polygon","coordinates":[[[22.36,42.311],[22.449,42.219],[22.51,42.155],[22.867,42.022],[22.884,41.985],[22.998,41.741],[22.993,41.668],[22.99,41.621],[22.968,41.52],[22.928,41.339],[22.879,41.341],[22.777,41.308],[22.724,41.161],[22.391,41.134],[22.332,41.12],[22.216,41.17],[21.929,41.1],[21.787,40.931],[20.98,40.856],[20.838,40.928],[20.737,40.931],[20.668,41.069],[20.598,41.092],[20.502,41.317],[20.54,41.404],[20.476,41.543],[20.558,41.582],[20.548,41.621],[20.537,41.668],[20.524,41.723],[20.563,41.846],[20.594,41.877],[20.745,41.891],[20.749,41.985],[20.769,42.026],[21.095,42.187],[21.213,42.111],[21.443,42.235],[21.47,42.27],[21.587,42.263],[22.257,42.349],[22.36,42.311]]]}},{"type":"Feature","properties":{"id":"VA","name":"Vatican City","de":"Vatikanstadt","fr":"Cité du Vatican","eu":false},"geometry":{"type":"Polygon","coordinates":[[[12.362,41.884],[12.433,41.94],[12.49,41.955],[12.519,41.878],[12.391,41.869],[12.362,41.884]]]}},{"type":"Feature","properties":{"id":"RS","name":"Serbia","de":"Serbien","fr":"Serbie","eu":false},"geometry":{"type":"Polygon","coordinates":[[[20.264,46.126],[20.663,45.794],[20.81,45.754],[20.818,45.492],[21.017,45.325],[21.479,45.193],[21.504,45.13],[21.406,45.001],[21.547,44.886],[21.358,44.822],[21.573,44.752],[21.655,44.669],[22.012,44.602],[22.016,44.599],[22.145,44.484],[22.418,44.693],[22.705,44.594],[22.73,44.535],[22.61,44.533],[22.478,44.449],[22.675,44.216],[22.614,44.08],[22.536,44.046],[22.419,43.985],[22.371,43.788],[22.519,43.512],[22.667,43.403],[22.747,43.387],[23.006,43.193],[22.748,42.89],[22.516,42.869],[22.443,42.825],[22.461,42.648],[22.467,42.632],[22.528,42.442],[22.475,42.4],[22.36,42.311],[22.257,42.349],[21.587,42.263],[21.47,42.27],[21.443,42.235],[21.213,42.111],[21.095,42.187],[20.769,42.026],[20.749,41.985],[20.745,41.891],[20.594,41.877],[20.59,41.985],[20.589,42.03],[20.485,42.219],[20.265,42.4],[20.076,42.556],[20.095,42.632],[20.065,42.742],[20.353,42.833],[20.328,42.905],[20.223,42.95],[20.064,43.007],[19.671,43.194],[19.224,43.528],[19.498,43.636],[19.486,43.729],[19.31,43.936],[19.556,43.994],[19.497,44.099],[19.137,44.373],[19.154,44.511],[19.351,44.889],[19.022,44.855],[19.001,44.886],[19.13,44.953],[19.111,45.134],[19.425,45.168],[19.391,45.23],[19.132,45.292],[18.998,45.386],[19.005,45.435],[19.034,45.487],[19.065,45.521],[18.923,45.58],[18.952,45.657],[18.89,45.921],[19.029,45.939],[19.114,46.017],[19.303,45.992],[19.572,46.167],[19.698,46.188],[19.865,46.15],[20.223,46.131],[20.264,46.126]]]}},{"type":"Feature","properties":{"id":"TN","name":"Tunisia","de":"Tunesien","fr":"Tunisie","eu":false},"geometry":{"type":"MultiPolygon","coordinates":[[[[9.795,37.212],[9.832,37.158],[9.996,37.252],[10.168,37.21],[10.201,37.01],[10.328,36.87],[10.313,36.78],[10.416,36.729],[11.033,37.064],[11.113,36.853],[10.814,36.481],[10.71,36.434],[10.578,36.386],[10.499,36.271],[10.508,36.019],[10.662,35.811],[11.023,35.62],[11.049,35.35],[11.129,35.219],[10.718,34.659],[10.115,34.295],[10.04,34.047],[10.164,33.848],[10.483,33.647],[10.692,33.71],[10.769,33.879],[10.937,33.883],[11.033,33.778],[10.942,33.693],[10.77,33.697],[10.718,33.516],[10.851,33.507],[11.017,33.623],[11.091,33.557],[11.179,33.227],[11.564,33.165],[11.497,32.91],[11.496,32.663],[11.58,32.521],[11.534,32.422],[10.908,32.14],[10.657,31.962],[10.546,31.771],[10.316,31.701],[10.164,31.52],[10.282,31.005],[10.224,30.739],[9.944,30.399],[9.552,30.246],[9.066,32.061],[8.391,32.499],[8.284,32.859],[8.107,33.083],[7.807,33.245],[7.537,33.815],[7.586,34.1],[8.254,34.681],[8.273,34.915],[8.432,35.212],[8.343,35.329],[8.35,35.612],[8.27,35.819],[8.385,36.364],[8.231,36.498],[8.627,36.82],[8.642,36.941],[8.876,37.003],[9.199,37.217],[9.817,37.33],[9.877,37.259],[9.795,37.212]]],[[[11.346,34.757],[11.241,34.714],[11.213,34.803],[11.282,34.824],[11.346,34.757]]],[[[11.105,34.633],[11.053,34.592],[10.968,34.655],[10.995,34.683],[11.096,34.682],[11.105,34.633]]]]}},{"type":"Feature","properties":{"id":"TR","name":"Türkiye","de":"Türkei","fr":"Turquie","eu":false},"geometry":{"type":"MultiPolygon","coordinates":[[[[35.112,42.013],[35.208,41.784],[35.441,41.668],[35.514,41.636],[35.683,41.668],[35.928,41.715],[36.022,41.668],[36.116,41.621],[36.156,41.443],[36.398,41.265],[36.509,41.263],[36.711,41.37],[36.951,41.302],[37.152,41.148],[37.542,41.034],[37.75,41.108],[37.887,40.993],[38.11,40.959],[38.492,40.916],[39.179,41.074],[39.451,41.094],[39.629,41.008],[40.131,40.92],[40.328,40.988],[40.674,41.072],[41.252,41.33],[41.547,41.52],[41.818,41.448],[41.958,41.51],[42.177,41.509],[42.467,41.448],[42.515,41.438],[42.616,41.579],[42.796,41.586],[42.827,41.501],[43.162,41.308],[43.238,41.192],[43.403,41.189],[43.474,41.123],[43.47,41.057],[43.658,40.933],[43.741,40.751],[43.6,40.467],[43.696,40.183],[43.654,40.13],[43.924,40.021],[44.086,40.022],[44.336,40.024],[44.603,39.833],[44.768,39.714],[44.812,39.632],[44.643,39.749],[44.603,39.753],[44.502,39.717],[44.402,39.432],[44.086,39.37],[44.05,39.363],[44.086,39.311],[44.199,39.149],[44.176,38.986],[44.289,38.828],[44.318,38.415],[44.458,38.331],[44.238,37.918],[44.463,37.81],[44.592,37.71],[44.603,37.463],[44.798,37.31],[44.793,37.176],[44.603,37.159],[44.296,36.985],[44.214,37.074],[44.236,37.243],[44.158,37.301],[44.086,37.307],[44.031,37.313],[43.861,37.229],[43.425,37.275],[43.173,37.363],[42.784,37.371],[42.573,37.162],[42.467,37.136],[42.356,37.108],[42.329,37.239],[42.212,37.28],[41.663,37.103],[40.792,37.118],[40.226,36.901],[39.82,36.757],[39.241,36.671],[38.745,36.707],[38.38,36.895],[38.048,36.846],[37.586,36.704],[37.155,36.662],[36.679,36.833],[36.66,36.833],[36.561,36.529],[36.672,36.251],[36.409,36.208],[36.362,36.011],[36.115,35.859],[35.917,35.929],[35.945,36.062],[35.82,36.328],[36.203,36.679],[36.133,36.857],[35.963,36.903],[35.685,36.756],[35.549,36.573],[35.328,36.559],[34.899,36.738],[34.623,36.79],[34.228,36.529],[34.022,36.294],[33.86,36.292],[33.727,36.175],[32.961,36.093],[32.789,36.026],[32.576,36.093],[32.33,36.211],[32.044,36.529],[31.278,36.816],[30.662,36.874],[30.577,36.771],[30.55,36.529],[30.446,36.259],[30.208,36.309],[29.764,36.138],[29.261,36.304],[29.149,36.388],[29.022,36.689],[28.814,36.677],[28.55,36.81],[28.326,36.829],[28.193,36.689],[28.065,36.656],[28.103,36.779],[28.065,36.898],[28.15,37.015],[27.292,36.997],[27.308,37.108],[27.504,37.119],[27.581,37.223],[27.404,37.368],[27.233,37.378],[27.185,37.572],[27.09,37.65],[27.22,37.744],[27.265,37.875],[27.192,37.963],[26.776,38.155],[26.532,38.168],[26.367,38.264],[26.448,38.617],[26.687,38.409],[26.935,38.449],[26.79,38.662],[26.955,38.864],[26.764,39.175],[26.7,39.313],[26.882,39.528],[26.619,39.548],[26.195,39.47],[26.097,39.52],[26.18,39.943],[27.201,40.435],[27.506,40.305],[27.793,40.348],[27.73,40.466],[27.763,40.506],[27.976,40.475],[27.952,40.366],[28.165,40.396],[28.942,40.363],[29.044,40.408],[28.991,40.466],[28.861,40.559],[29.023,40.641],[29.547,40.696],[29.571,40.758],[29.343,40.808],[29.052,40.97],[29.17,41.232],[29.866,41.143],[30.355,41.184],[30.662,41.125],[30.982,41.073],[31.296,41.116],[31.448,41.326],[32.063,41.58],[32.145,41.621],[32.239,41.668],[32.494,41.795],[32.736,41.849],[33.231,41.985],[33.333,42.013],[33.766,41.985],[34.229,41.955],[34.722,41.954],[34.996,42.077],[35.112,42.013]]],[[[27.466,41.985],[27.558,41.945],[27.965,41.98],[28.036,41.983],[27.992,41.825],[28.095,41.668],[28.125,41.621],[28.153,41.579],[28.182,41.564],[28.956,41.259],[28.821,40.989],[28.657,40.969],[28.23,41.071],[27.991,41.018],[27.553,40.97],[27.29,40.699],[26.969,40.553],[26.759,40.46],[26.723,40.378],[26.283,40.065],[26.228,40.104],[26.262,40.316],[26.774,40.572],[26.735,40.643],[26.152,40.597],[26.079,40.628],[26.055,40.696],[26.033,40.73],[26.347,40.963],[26.341,41.239],[26.62,41.373],[26.578,41.601],[26.538,41.621],[26.444,41.668],[26.358,41.711],[26.366,41.799],[26.535,41.838],[26.562,41.926],[26.869,41.985],[26.949,42],[26.982,42.017],[27.06,42.088],[27.276,42.09],[27.392,42.017],[27.466,41.985]]],[[[25.839,40.1],[25.739,40.091],[25.665,40.124],[25.671,40.154],[25.791,40.212],[25.944,40.241],[25.986,40.139],[25.839,40.1]]],[[[27.716,36.781],[27.673,36.661],[27.516,36.676],[27.479,36.651],[27.4,36.687],[27.431,36.747],[27.611,36.767],[27.646,36.804],[27.716,36.781]]],[[[27.72,40.617],[27.571,40.571],[27.521,40.595],[27.528,40.636],[27.636,40.673],[27.72,40.617]]],[[[28.003,36.762],[27.836,36.75],[27.767,36.778],[27.823,36.811],[27.998,36.797],[28.003,36.762]]],[[[26.114,39.772],[26.058,39.755],[25.984,39.829],[26.097,39.862],[26.114,39.772]]],[[[26.764,38.464],[26.665,38.457],[26.662,38.536],[26.75,38.555],[26.764,38.464]]],[[[28.085,36.576],[27.965,36.536],[27.926,36.612],[28.071,36.614],[28.085,36.576]]],[[[27.666,40.488],[27.617,40.435],[27.551,40.444],[27.563,40.518],[27.634,40.537],[27.666,40.488]]],[[[26.664,39.303],[26.614,39.303],[26.577,39.376],[26.637,39.416],[26.683,39.392],[26.664,39.303]]]]}},{"type":"Feature","properties":{"id":"UA","name":"Ukraine","de":"Ukraine","fr":"Ukraine","eu":false},"geometry":{"type":"MultiPolygon","coordinates":[[[[33.813,52.344],[34.059,52.18],[34.131,52.003],[34.39,51.806],[34.366,51.727],[34.136,51.665],[34.259,51.527],[34.297,51.269],[34.782,51.179],[35.115,51.2],[35.194,51.082],[35.356,51.026],[35.461,50.749],[35.427,50.569],[35.639,50.368],[36.052,50.444],[36.322,50.309],[36.648,50.244],[37.439,50.416],[37.602,50.305],[37.745,50.104],[38.039,49.947],[38.148,49.953],[38.275,50.072],[38.952,49.82],[39.167,49.857],[39.32,49.761],[39.566,49.73],[39.789,49.578],[40.087,49.575],[40.062,49.47],[40.171,49.346],[40.173,49.253],[39.947,49.083],[39.732,49.006],[39.817,48.917],[39.999,48.869],[39.956,48.815],[39.803,48.806],[39.71,48.676],[39.978,48.251],[39.779,47.89],[39.586,47.831],[38.898,47.858],[38.743,47.704],[38.466,47.64],[38.319,47.543],[38.257,47.357],[38.3,47.258],[38.231,47.119],[37.634,47.065],[36.851,46.769],[35.905,46.622],[34.772,46.17],[34.662,45.852],[34.972,45.636],[35.225,45.354],[35.467,45.307],[36.184,45.438],[36.471,45.289],[36.271,45.081],[35.905,45.029],[35.491,45.057],[35.106,44.867],[34.518,44.706],[34.036,44.444],[33.763,44.435],[33.555,44.539],[33.563,44.918],[33.436,45.124],[32.615,45.407],[32.762,45.556],[33.521,45.873],[33.552,46.04],[33.152,46.118],[32.789,46.061],[32.033,46.24],[31.938,46.323],[31.919,46.445],[32.131,46.569],[31.944,46.698],[30.798,46.483],[30.31,45.96],[29.779,45.573],[29.68,45.212],[29.615,45.348],[29.433,45.428],[28.747,45.249],[28.41,45.309],[28.211,45.467],[28.476,45.52],[28.536,45.706],[28.744,45.835],[28.809,45.972],[28.984,46.048],[29.028,46.166],[28.962,46.295],[28.995,46.47],[29.194,46.525],[29.271,46.444],[29.448,46.465],[29.611,46.381],[29.744,46.425],[29.882,46.375],[30.038,46.401],[29.943,46.541],[29.935,46.779],[29.608,46.986],[29.558,47.326],[29.416,47.327],[29.181,47.5],[29.244,47.781],[29.153,47.961],[28.951,47.973],[28.724,48.14],[28.465,48.11],[28.312,48.227],[28.084,48.266],[27.677,48.456],[27.212,48.382],[26.814,48.403],[26.776,48.312],[26.631,48.26],[26.351,48.184],[26.206,48.018],[26.099,47.979],[25.895,47.962],[25.289,47.907],[25.09,47.748],[24.947,47.729],[24.568,47.956],[24.215,47.903],[23.57,48.007],[23.494,47.968],[23.193,48.11],[22.896,47.954],[22.827,48.097],[22.617,48.108],[22.505,48.232],[22.155,48.403],[22.169,48.569],[22.329,48.695],[22.383,48.862],[22.567,49.088],[22.833,49.069],[22.745,49.235],[22.686,49.573],[23.548,50.252],[23.724,50.379],[24.044,50.464],[24.091,50.643],[23.979,50.806],[24.093,50.859],[23.709,51.278],[23.617,51.51],[23.649,51.528],[23.635,51.633],[23.764,51.662],[23.896,51.598],[24.01,51.59],[24.292,51.733],[24.317,51.83],[24.396,51.881],[24.97,51.904],[25.202,51.968],[25.417,51.922],[25.79,51.944],[25.895,51.919],[26.883,51.745],[27.167,51.768],[27.289,51.619],[27.689,51.6],[27.684,51.522],[27.739,51.49],[27.861,51.608],[28.02,51.566],[28.24,51.664],[28.359,51.559],[28.608,51.569],[28.708,51.462],[28.852,51.568],[29.114,51.637],[29.338,51.395],[29.688,51.517],[29.825,51.451],[30.184,51.498],[30.518,51.279],[30.639,51.36],[30.537,51.659],[30.956,52.075],[31.668,52.115],[31.787,52.111],[32.174,52.07],[32.297,52.137],[32.423,52.319],[32.782,52.259],[33.205,52.363],[33.813,52.344]]],[[[34.909,45.868],[34.856,45.817],[34.812,45.826],[34.836,45.881],[34.816,45.956],[34.888,45.93],[34.909,45.868]]],[[[35.182,46.134],[35.032,46.083],[35.011,46.135],[35.17,46.177],[35.182,46.134]]]]}},{"type":"Feature","properties":{"id":"SY","name":"Syria","de":"Syrien","fr":"Syrie","eu":false},"geometry":{"type":"Polygon","coordinates":[[[42.356,37.108],[42.346,37.038],[41.87,36.623],[41.453,36.529],[41.285,36.279],[41.267,36.055],[41.39,35.667],[41.266,35.395],[41.228,34.791],[41.016,34.437],[38.793,33.375],[36.841,32.33],[36.454,32.373],[36.115,32.523],[35.92,32.724],[35.795,32.748],[35.672,32.691],[35.623,32.929],[35.669,33.217],[35.624,33.242],[36.026,33.556],[35.954,33.652],[35.996,33.736],[36.071,33.815],[36.115,33.832],[36.349,33.837],[36.314,33.942],[36.499,34.064],[36.61,34.227],[36.524,34.437],[36.387,34.533],[36.374,34.645],[36.115,34.637],[35.976,34.633],[35.877,34.903],[35.94,35.2],[35.904,35.394],[35.754,35.567],[35.839,35.845],[35.917,35.929],[36.115,35.859],[36.362,36.011],[36.409,36.208],[36.672,36.251],[36.561,36.529],[36.66,36.833],[36.679,36.833],[37.155,36.662],[37.586,36.704],[38.048,36.846],[38.38,36.895],[38.745,36.707],[39.241,36.671],[39.82,36.757],[40.226,36.901],[40.792,37.118],[41.663,37.103],[42.212,37.28],[42.329,37.239],[42.356,37.108]]]}},{"type":"Feature","properties":{"id":"UK","name":"United Kingdom","de":"Vereinigtes Königreich","fr":"Royaume-Uni","eu":false},"geometry":{"type":"MultiPolygon","coordinates":[[[[0.383,51.475],[0.262,51.481],[0.211,51.49],[0.152,51.513],[0.097,51.516],[0.009,51.507],[-0.079,51.508],[-0.112,51.511],[-0.15,51.486],[-0.245,51.489],[-0.223,51.472],[-0.128,51.485],[-0.109,51.508],[-0.025,51.486],[0.124,51.507],[0.217,51.48],[0.262,51.461],[0.384,51.458],[0.459,51.455],[0.675,51.456],[0.627,51.375],[0.795,51.436],[0.906,51.371],[0.95,51.346],[1.105,51.372],[1.417,51.357],[1.364,51.146],[1.105,51.069],[1.039,51.05],[0.976,51.001],[0.955,50.924],[0.906,50.924],[0.855,50.924],[0.262,50.751],[-0.038,50.8],[-0.216,50.828],[-0.795,50.738],[-0.933,50.843],[-0.985,50.802],[-1.024,50.833],[-1.07,50.807],[-1.125,50.835],[-1.212,50.814],[-1.365,50.88],[-1.452,50.914],[-1.342,50.802],[-1.692,50.737],[-1.741,50.722],[-2.03,50.716],[-1.98,50.652],[-2.018,50.602],[-2.514,50.608],[-2.584,50.626],[-2.948,50.718],[-3.264,50.663],[-3.509,50.517],[-3.51,50.379],[-3.678,50.218],[-3.838,50.228],[-3.931,50.302],[-4.075,50.302],[-4.123,50.347],[-4.187,50.424],[-4.219,50.475],[-4.286,50.376],[-4.736,50.32],[-4.817,50.234],[-5.068,50.183],[-5.083,50.035],[-5.195,49.982],[-5.453,50.113],[-5.685,50.066],[-5.664,50.15],[-5.286,50.272],[-5.068,50.435],[-4.999,50.557],[-4.812,50.607],[-4.618,50.742],[-4.546,50.928],[-4.498,51.007],[-4.309,51.009],[-4.159,51.192],[-3.721,51.233],[-3.059,51.19],[-2.993,51.32],[-2.809,51.47],[-2.68,51.48],[-2.674,51.544],[-2.584,51.63],[-2.535,51.677],[-2.584,51.663],[-2.666,51.639],[-3.083,51.502],[-3.192,51.41],[-3.379,51.386],[-3.638,51.47],[-3.752,51.515],[-3.886,51.617],[-4.177,51.55],[-4.281,51.573],[-4.257,51.622],[-4.053,51.703],[-4.521,51.738],[-4.982,51.617],[-5.16,51.724],[-5.156,51.834],[-5.226,51.902],[-5.036,52.017],[-4.279,52.24],[-3.931,52.554],[-4.083,52.594],[-4.089,52.734],[-4.182,52.89],[-4.523,52.816],[-4.643,52.848],[-4.173,53.203],[-4.007,53.247],[-3.752,53.316],[-3.363,53.352],[-3.101,53.267],[-3.111,53.296],[-3.173,53.377],[-3.059,53.426],[-2.929,53.308],[-2.752,53.315],[-2.827,53.332],[-2.948,53.369],[-3.009,53.438],[-3.087,53.558],[-2.956,53.698],[-2.834,53.722],[-3.057,53.776],[-3.048,53.876],[-2.881,53.971],[-2.899,54.036],[-2.831,54.115],[-2.869,54.177],[-3.148,54.094],[-3.361,54.227],[-3.618,54.528],[-3.363,54.889],[-3.248,54.946],[-3.121,54.928],[-3.057,54.987],[-3.511,54.967],[-3.973,54.783],[-4.366,54.845],[-4.438,54.707],[-4.834,54.855],[-4.968,54.713],[-5.152,54.9],[-5.132,54.975],[-5.04,54.998],[-5,55.115],[-4.982,55.147],[-4.871,55.222],[-4.849,55.264],[-4.642,55.47],[-4.658,55.57],[-4.849,55.671],[-4.889,55.707],[-4.859,55.779],[-4.889,55.875],[-4.849,55.952],[-4.477,55.919],[-4.392,55.89],[-4.479,55.926],[-4.678,55.965],[-4.714,55.994],[-4.762,56.01],[-4.849,55.993],[-4.877,56.061],[-4.749,56.203],[-4.897,56.058],[-5.051,55.811],[-5.355,55.862],[-5.369,55.713],[-5.175,55.67],[-5.1,55.535],[-5.12,55.462],[-5.269,55.461],[-5.417,55.601],[-5.556,55.4],[-5.724,55.369],[-5.561,56.27],[-5.454,56.534],[-5.606,56.513],[-5.846,56.346],[-6.225,56.335],[-6.233,56.576],[-6.073,56.739],[-5.83,56.853],[-5.785,57.068],[-5.962,57.073],[-6.079,57.16],[-6.322,57.221],[-6.682,57.454],[-6.599,57.542],[-6.298,57.629],[-6.183,57.564],[-6.085,57.392],[-5.92,57.308],[-5.504,57.367],[-5.805,57.407],[-5.827,57.523],[-5.747,57.589],[-5.79,57.805],[-5.32,57.928],[-5.399,58.042],[-5.33,58.106],[-5.325,58.222],[-5.172,58.298],[-5.005,58.589],[-4.249,58.537],[-3.086,58.634],[-3.074,58.443],[-3.146,58.359],[-3.951,57.966],[-4.029,57.857],[-3.906,57.812],[-3.927,57.743],[-4.099,57.686],[-4.11,57.607],[-4.211,57.533],[-4.432,57.494],[-4.196,57.489],[-4.033,57.585],[-3.406,57.716],[-2.802,57.695],[-2.584,57.695],[-2.514,57.695],[-2.094,57.695],[-1.888,57.627],[-1.817,57.501],[-2.094,57.125],[-2.214,56.908],[-2.425,56.755],[-2.584,56.552],[-3.052,56.458],[-3.14,56.423],[-3.253,56.352],[-2.865,56.445],[-2.671,56.27],[-3.396,56.033],[-3.852,56.121],[-3.82,56.099],[-3.516,56.002],[-3.425,55.994],[-3.078,55.947],[-2.753,56.061],[-2.584,56.011],[-2.514,55.99],[-2.367,55.946],[-2.034,55.811],[-1.632,55.549],[-1.462,55.074],[-1.364,54.944],[-1.347,54.861],[-1.242,54.723],[-1.23,54.717],[-1.218,54.712],[-1.215,54.711],[-1.21,54.709],[-1.179,54.7],[-1.176,54.697],[-1.18,54.694],[-1.189,54.696],[-1.195,54.692],[-1.193,54.689],[-1.198,54.685],[-1.198,54.68],[-1.183,54.66],[-1.163,54.647],[-1.167,54.644],[-1.165,54.634],[-1.165,54.631],[-1.165,54.628],[-1.168,54.626],[-1.173,54.624],[-1.178,54.621],[-1.181,54.617],[-1.183,54.612],[-1.183,54.607],[-1.183,54.604],[-1.184,54.598],[-1.187,54.593],[-1.191,54.59],[-1.198,54.585],[-1.206,54.583],[-1.229,54.585],[-1.215,54.581],[-1.205,54.58],[-1.197,54.582],[-1.164,54.602],[-1.153,54.602],[-1.155,54.607],[-1.151,54.616],[-1.153,54.626],[-1.139,54.63],[-1.138,54.638],[-1.129,54.636],[-1.125,54.634],[-0.791,54.559],[-0.562,54.464],[-0.212,54.158],[-0.15,54.122],[-0.202,54.043],[-0.183,53.957],[0,53.76],[0.084,53.671],[-0.099,53.645],[-0.25,53.733],[-0.419,53.72],[-0.698,53.686],[-0.308,53.705],[0.017,53.525],[0.171,53.462],[0.262,53.334],[0.329,53.24],[0.327,53.109],[0.262,53.06],[0.084,52.928],[0.262,52.813],[0.4,52.83],[0.584,52.967],[1.062,52.957],[1.39,52.893],[1.675,52.743],[1.741,52.532],[1.551,52.09],[1.336,51.965],[1.105,51.943],[1.229,51.926],[1.251,51.873],[1.109,51.785],[0.906,51.782],[0.845,51.781],[0.918,51.716],[0.905,51.657],[0.591,51.631],[0.811,51.601],[0.821,51.541],[0.81,51.54],[0.627,51.532],[0.514,51.531],[0.383,51.475]]],[[[-5.977,55.057],[-5.964,54.984],[-5.707,54.796],[-5.868,54.689],[-5.913,54.648],[-5.855,54.634],[-5.545,54.63],[-5.471,54.501],[-5.488,54.405],[-5.538,54.394],[-5.615,54.519],[-5.646,54.459],[-5.56,54.341],[-5.613,54.257],[-5.844,54.229],[-5.927,54.095],[-6.04,54.039],[-6.268,54.102],[-6.595,54.045],[-6.654,54.091],[-6.644,54.18],[-6.79,54.213],[-6.864,54.33],[-7.024,54.406],[-7.189,54.338],[-7.164,54.237],[-7.301,54.132],[-7.612,54.147],[-7.847,54.228],[-8.103,54.409],[-8.132,54.444],[-8.002,54.532],[-7.703,54.608],[-7.819,54.701],[-7.613,54.755],[-7.256,55.067],[-7.149,55.043],[-7.051,55.056],[-6.992,55.115],[-6.937,55.181],[-6.478,55.243],[-6.208,55.21],[-6.096,55.203],[-6.036,55.115],[-5.977,55.057]]],[[[-6.437,57.969],[-6.974,57.737],[-7.059,57.792],[-6.933,57.914],[-7.056,57.971],[-7.12,58.094],[-7.064,58.204],[-6.35,58.463],[-6.262,58.515],[-6.188,58.463],[-6.205,58.343],[-6.355,58.205],[-6.437,57.969]]],[[[-0.982,60.576],[-1.125,60.42],[-1.051,60.333],[-1.125,60.312],[-1.298,59.917],[-1.362,59.981],[-1.314,60.17],[-1.509,60.179],[-1.66,60.263],[-1.478,60.384],[-1.54,60.511],[-1.432,60.586],[-1.353,60.582],[-1.299,60.463],[-1.193,60.483],[-1.125,60.698],[-0.861,60.81],[-0.808,60.773],[-0.851,60.622],[-0.982,60.576]]],[[[-5.699,56.102],[-5.953,55.815],[-6.073,55.779],[-6.046,55.664],[-6.32,55.601],[-6.258,55.779],[-6.35,55.779],[-6.421,55.703],[-6.519,55.695],[-6.41,55.869],[-6.208,55.917],[-6.096,55.903],[-5.813,56.102],[-5.719,56.144],[-5.699,56.102]]],[[[-7.231,57.102],[-7.365,57.102],[-7.425,57.216],[-7.366,57.522],[-7.531,57.595],[-7.454,57.659],[-7.266,57.668],[-7.184,57.727],[-7.066,57.686],[-7.11,57.595],[-7.155,57.595],[-7.139,57.526],[-7.205,57.429],[-7.231,57.102]]],[[[-3.014,59.007],[-2.888,58.983],[-2.89,59.056],[-2.825,59.089],[-2.766,59.013],[-2.804,58.97],[-2.762,58.918],[-2.883,58.877],[-2.998,58.948],[-3.257,58.952],[-3.293,58.913],[-3.223,58.858],[-3.237,58.777],[-3.324,58.797],[-3.409,58.883],[-3.343,59.109],[-3.258,59.148],[-3.093,59.148],[-3.075,59.193],[-2.983,59.184],[-2.968,59.148],[-3.034,59.102],[-3.014,59.007]]],[[[-4.217,53.203],[-4.329,53.126],[-4.417,53.134],[-4.5,53.203],[-4.604,53.297],[-4.55,53.4],[-4.407,53.426],[-4.106,53.298],[-4.217,53.203]]],[[[-1.199,50.601],[-1.301,50.575],[-1.488,50.661],[-1.512,50.687],[-1.301,50.767],[-1.113,50.691],[-1.199,50.601]]],[[[-6.237,57.007],[-6.319,56.936],[-6.453,57.008],[-6.341,57.059],[-6.237,57.007]]],[[[-6.876,56.488],[-6.894,56.445],[-6.979,56.453],[-6.998,56.504],[-6.832,56.538],[-6.796,56.506],[-6.876,56.488]]],[[[-6.494,56.619],[-6.629,56.572],[-6.646,56.598],[-6.525,56.684],[-6.468,56.682],[-6.494,56.619]]],[[[-7.386,57.001],[-7.451,56.935],[-7.526,56.955],[-7.543,57.021],[-7.386,57.001]]],[[[-6.134,58.24],[-6.2,58.159],[-6.278,58.201],[-6.169,58.279],[-6.134,58.24]]],[[[-2.953,59.358],[-2.93,59.258],[-3.046,59.265],[-3.046,59.316],[-2.953,59.358]]],[[[-2.005,60.141],[-2.05,60.081],[-2.096,60.099],[-2.143,60.14],[-2.096,60.19],[-2.005,60.141]]],[[[-6.241,49.947],[-6.35,49.881],[-6.385,49.937],[-6.283,49.998],[-6.241,49.947]]],[[[-1.581,59.509],[-1.704,59.501],[-1.655,59.583],[-1.561,59.575],[-1.581,59.509]]],[[[-6.168,56.117],[-6.203,56.002],[-6.296,56.009],[-6.203,56.129],[-6.168,56.117]]],[[[-4.343,59.076],[-4.403,59.04],[-4.475,59.053],[-4.448,59.12],[-4.36,59.128],[-4.343,59.076]]],[[[-6.096,56.879],[-6.163,56.855],[-6.239,56.881],[-6.128,56.967],[-6.096,56.879]]],[[[-2.759,59.129],[-2.801,59.129],[-2.829,59.213],[-2.768,59.254],[-2.722,59.129],[-2.759,59.129]]],[[[-2.916,58.83],[-2.929,58.74],[-2.989,58.751],[-3.017,58.799],[-2.973,58.861],[-2.916,58.83]]],[[[-2.495,59.217],[-2.584,59.213],[-2.6,59.228],[-2.617,59.286],[-2.584,59.306],[-2.555,59.313],[-2.495,59.217]]],[[[-2.584,59.05],[-2.642,59.05],[-2.629,59.121],[-2.584,59.134],[-2.546,59.137],[-2.526,59.1],[-2.584,59.05]]]]}},{"type":"Feature","properties":{"id":"RU","name":"Russian Federation","de":"Russische Föderation","fr":"Fédération de Russie","eu":false},"geometry":{"type":"MultiPolygon","coordinates":[[[[20.024,54.897],[21.137,54.94],[21.218,55.014],[21.274,55.246],[21.38,55.279],[21.651,55.18],[22.08,55.042],[22.589,55.07],[22.865,54.818],[22.693,54.566],[22.792,54.363],[21.559,54.323],[20.314,54.402],[19.804,54.442],[20.189,54.636],[20.012,54.757],[20.024,54.897]]],[[[35.772,65.06],[35.851,65.021],[35.799,64.973],[35.556,65.05],[35.507,65.105],[35.799,65.159],[35.85,65.099],[35.772,65.06]]],[[[42.413,66.755],[42.502,66.79],[42.636,66.743],[42.663,66.669],[42.483,66.703],[42.413,66.755]]],[[[27.756,59.986],[27.835,60.068],[27.911,59.996],[27.847,59.965],[27.756,59.986]]],[[[35.922,65.149],[36.018,65.203],[36.085,65.125],[35.972,65.111],[35.922,65.149]]],[[[19.851,54.651],[19.909,54.702],[19.962,54.694],[19.99,54.627],[19.886,54.614],[19.851,54.651]]],[[[26.933,60.076],[26.986,60.112],[27.073,60.032],[26.968,60.002],[26.933,60.076]]]]}},{"type":"Feature","properties":{"id":"SE","name":"Sweden","de":"Schweden","fr":"Suède","eu":true},"geometry":{"type":"MultiPolygon","coordinates":[[[[22.359,68.474],[23.047,68.304],[23.166,68.15],[23.296,68.138],[23.608,67.971],[23.622,67.922],[23.486,67.827],[23.537,67.594],[23.423,67.484],[23.736,67.425],[23.726,67.305],[23.594,67.261],[23.565,67.188],[23.967,66.837],[23.865,66.57],[23.675,66.46],[23.664,66.29],[23.735,66.203],[23.909,66.146],[24.116,65.92],[24.155,65.816],[23.676,65.817],[23.133,65.735],[22.807,65.827],[22.74,65.739],[22.403,65.818],[22.326,65.616],[22.179,65.472],[21.973,65.478],[21.874,65.27],[21.68,65.319],[21.514,65.074],[21.148,64.802],[21.254,64.626],[21.464,64.475],[21.459,64.402],[21.029,64.167],[20.553,63.748],[20.027,63.646],[19.744,63.485],[19.709,63.465],[19.646,63.485],[19.519,63.524],[19.494,63.485],[19.467,63.44],[19.286,63.47],[19.229,63.392],[19.161,63.298],[18.997,63.217],[18.74,63.266],[18.752,63.19],[18.533,63.084],[18.393,62.865],[18.189,62.781],[18.058,62.618],[17.474,62.359],[17.568,62.219],[17.489,62.137],[17.357,61.86],[17.486,61.671],[17.429,61.638],[17.26,61.688],[17.114,61.544],[17.179,61.07],[17.37,60.654],[17.577,60.629],[17.674,60.55],[17.962,60.614],[18.084,60.457],[18.324,60.362],[18.444,60.475],[18.614,60.311],[18.513,60.148],[18.665,60.14],[18.759,60.204],[18.925,59.954],[19.134,59.837],[19.122,59.736],[18.822,59.66],[18.78,59.349],[18.826,59.333],[18.922,59.448],[18.945,59.364],[18.532,59.039],[18.265,59.07],[17.864,58.841],[17.572,58.951],[17.582,58.863],[17.505,58.762],[17.216,58.719],[17.217,58.632],[17.071,58.671],[16.751,58.627],[16.905,58.522],[16.972,58.411],[16.921,58.343],[16.999,58.234],[16.667,57.996],[16.807,57.934],[16.728,57.781],[16.738,57.524],[16.489,57.19],[16.551,57.111],[16.448,56.98],[16.354,56.686],[16.064,56.329],[16.018,56.228],[15.791,56.065],[15.605,56.186],[15.346,56.127],[14.761,56.14],[14.683,56.011],[14.546,56.061],[14.234,55.831],[14.222,55.733],[14.322,55.555],[14.202,55.414],[13.716,55.418],[13.34,55.348],[13.024,55.407],[12.928,55.54],[13.014,55.705],[12.548,56.225],[12.776,56.243],[12.704,56.416],[12.899,56.449],[12.903,56.619],[12.734,56.671],[12.567,56.841],[12.378,56.926],[12.226,57.161],[12.135,57.237],[12.093,57.411],[11.932,57.378],[11.923,57.562],[11.854,57.619],[11.761,57.568],[11.732,57.724],[11.582,57.728],[11.656,57.857],[11.503,57.995],[11.395,58.257],[11.232,58.398],[11.223,58.729],[11.132,58.972],[11.286,59.075],[11.461,58.989],[11.484,58.892],[11.636,58.911],[11.78,59.185],[11.826,59.238],[11.723,59.574],[11.907,59.691],[11.927,59.79],[11.84,59.841],[12.204,59.913],[12.475,60.101],[12.588,60.496],[12.269,60.991],[12.67,61.056],[12.841,61.279],[12.845,61.369],[12.615,61.535],[12.402,61.577],[12.156,61.729],[12.299,62.267],[12.255,62.331],[12.062,62.62],[12.123,62.745],[12.091,62.895],[12.196,63.005],[12.052,63.183],[12.017,63.284],[12.108,63.392],[12.188,63.485],[12.182,63.532],[12.175,63.599],[12.688,63.976],[13.199,64.092],[13.986,64.032],[14.112,64.167],[14.139,64.195],[14.095,64.434],[13.704,64.612],[14.326,65.119],[14.379,65.247],[14.498,65.306],[14.513,65.579],[14.612,65.813],[14.569,65.969],[14.529,66.096],[14.517,66.132],[14.63,66.137],[14.681,66.139],[14.872,66.147],[14.951,66.15],[15.036,66.154],[15.305,66.233],[15.482,66.282],[15.454,66.345],[15.4,66.483],[15.561,66.57],[16.046,66.913],[16.371,67.051],[16.386,67.209],[16.115,67.46],[16.452,67.569],[16.726,67.896],[17.287,68.108],[17.651,68.041],[17.9,67.984],[18.114,68.166],[18.126,68.537],[18.438,68.569],[19.944,68.377],[20.119,68.459],[20.039,68.566],[20.305,68.804],[20.205,69.025],[20.549,69.06],[20.783,69.024],[20.932,68.904],[21.533,68.681],[22.064,68.484],[22.359,68.474]]],[[[19.18,57.942],[19.116,57.835],[18.789,57.649],[18.775,57.494],[18.9,57.418],[18.366,57.093],[18.33,56.965],[18.215,56.918],[18.169,56.94],[18.206,57.107],[18.151,57.168],[18.118,57.267],[18.174,57.37],[18.12,57.524],[18.449,57.799],[18.705,57.911],[18.798,57.877],[19.16,57.968],[19.18,57.942]]],[[[16.502,56.273],[16.419,56.212],[16.378,56.516],[16.535,56.764],[16.72,56.905],[16.919,57.167],[16.978,57.297],[17.066,57.348],[17.092,57.314],[17.042,57.167],[16.634,56.516],[16.502,56.273]]],[[[22.768,65.478],[22.709,65.454],[22.648,65.504],[22.532,65.517],[22.613,65.609],[22.73,65.549],[22.768,65.478]]],[[[20.947,63.763],[20.918,63.695],[20.86,63.697],[20.842,63.785],[20.895,63.817],[20.947,63.763]]],[[[12.904,55.374],[12.831,55.354],[12.789,55.41],[12.889,55.476],[12.904,55.374]]],[[[17.795,62.233],[17.706,62.156],[17.639,62.208],[17.677,62.255],[17.795,62.233]]],[[[19.355,57.931],[19.258,57.905],[19.231,57.959],[19.318,58.022],[19.355,57.931]]],[[[19.301,58.328],[19.2,58.328],[19.17,58.379],[19.192,58.407],[19.314,58.375],[19.301,58.328]]],[[[23.008,65.687],[22.978,65.637],[22.858,65.713],[22.908,65.757],[23.008,65.687]]],[[[18.332,58.91],[18.205,58.897],[18.189,58.932],[18.307,58.995],[18.332,58.91]]],[[[23.791,65.743],[23.795,65.683],[23.696,65.687],[23.672,65.728],[23.701,65.773],[23.791,65.743]]],[[[24.127,65.74],[24.172,65.662],[24.093,65.665],[24.053,65.705],[24.127,65.74]]]]}},{"type":"Feature","properties":{"id":"SI","name":"Slovenia","de":"Slowenien","fr":"Slovénie","eu":true},"geometry":{"type":"Polygon","coordinates":[[[16.371,46.722],[16.597,46.476],[16.373,46.535],[16.242,46.49],[16.302,46.378],[16.139,46.393],[15.873,46.279],[15.791,46.259],[15.634,46.183],[15.627,46.086],[15.696,46.054],[15.706,45.975],[15.654,45.842],[15.404,45.793],[15.331,45.763],[15.284,45.726],[15.295,45.591],[15.359,45.485],[15.226,45.427],[14.977,45.513],[14.843,45.472],[14.767,45.512],[14.57,45.673],[14.387,45.499],[14.118,45.481],[14.111,45.482],[13.651,45.454],[13.61,45.517],[13.722,45.595],[13.84,45.591],[13.898,45.636],[13.776,45.749],[13.596,45.808],[13.597,45.82],[13.623,45.964],[13.517,45.984],[13.497,46.051],[13.643,46.165],[13.432,46.24],[13.401,46.314],[13.684,46.437],[13.714,46.523],[14.435,46.443],[14.565,46.372],[14.675,46.451],[14.767,46.504],[14.897,46.61],[15.065,46.652],[15.402,46.654],[15.498,46.631],[15.65,46.706],[15.786,46.707],[16.015,46.673],[15.996,46.835],[16.114,46.869],[16.31,46.85],[16.371,46.722]]]}},{"type":"Feature","properties":{"id":"SJ","name":"Svalbard and Jan Mayen","de":"Svalbard und Jan Mayen","fr":"Svalbard et Jan Mayen","eu":false},"geometry":{"type":"Polygon","coordinates":[[[-8.054,71.005],[-8.482,70.97],[-8.625,70.949],[-9.016,70.811],[-9.082,70.865],[-8.864,70.938],[-8.501,70.988],[-8.386,71.088],[-8.284,71.124],[-8.073,71.162],[-7.983,71.16],[-7.993,71.021],[-8.054,71.005]]]}},{"type":"Feature","properties":{"id":"SK","name":"Slovakia","de":"Slowakei","fr":"Slovaquie","eu":true},"geometry":{"type":"Polygon","coordinates":[[[19.658,49.41],[19.782,49.387],[19.785,49.219],[19.884,49.204],[20.078,49.198],[20.173,49.325],[20.417,49.405],[20.567,49.385],[20.615,49.418],[20.937,49.312],[21.122,49.417],[21.398,49.434],[21.879,49.376],[22.068,49.22],[22.567,49.088],[22.383,48.862],[22.329,48.695],[22.169,48.569],[22.155,48.403],[22.121,48.378],[21.747,48.353],[21.607,48.495],[21.425,48.575],[21.126,48.505],[20.776,48.574],[20.541,48.536],[20.464,48.464],[20.299,48.287],[20.052,48.168],[19.913,48.146],[19.613,48.235],[19.451,48.101],[19.014,48.078],[18.928,48.057],[18.782,47.961],[18.78,47.876],[18.848,47.818],[18.315,47.737],[17.894,47.739],[17.705,47.759],[17.247,48.012],[17.161,48.007],[17.067,48.119],[16.976,48.172],[16.851,48.439],[16.95,48.536],[16.94,48.617],[17.172,48.855],[17.397,48.813],[17.647,48.854],[18.069,49.049],[18.17,49.264],[18.322,49.315],[18.404,49.397],[18.575,49.497],[18.852,49.517],[18.938,49.502],[18.996,49.41],[19.164,49.419],[19.467,49.614],[19.658,49.41]]]}},{"type":"Feature","properties":{"id":"SM","name":"San Marino","de":"San Marino","fr":"Saint-Marin","eu":false},"geometry":{"type":"Polygon","coordinates":[[[12.494,43.916],[12.418,43.899],[12.418,43.951],[12.5,43.981],[12.494,43.916]]]}},{"type":"Feature","properties":{"id":"NO","name":"Norway","de":"Norwegen","fr":"Norvège","eu":false},"geometry":{"type":"MultiPolygon","coordinates":[[[[25.847,70.937],[25.197,70.471],[25.115,70.284],[25.206,70.232],[26.489,70.865],[26.624,70.811],[26.65,70.508],[26.845,70.486],[27.263,70.781],[27.375,70.992],[27.875,71.076],[28.267,70.937],[28.159,70.734],[28.258,70.542],[28.414,70.575],[28.752,70.797],[29,70.827],[29.438,70.71],[30.082,70.659],[30.837,70.429],[30.894,70.358],[30.78,70.292],[29.462,70.024],[29.819,69.88],[30.865,69.76],[30.92,69.609],[30.837,69.547],[30.529,69.548],[30.171,69.653],[30.159,69.541],[30.004,69.436],[29.373,69.31],[29.155,69.072],[28.93,69.052],[28.82,69.126],[28.889,69.25],[29.314,69.487],[29.117,69.692],[28.77,69.756],[28.383,69.83],[27.936,70.081],[27.645,70.072],[27.07,69.917],[26.487,69.938],[25.976,69.698],[25.913,69.565],[25.807,69.43],[25.815,69.368],[25.755,69.331],[25.703,69.238],[25.744,69.027],[25.66,68.926],[25.228,68.832],[25.094,68.644],[24.866,68.581],[23.918,68.832],[23.791,68.816],[23.645,68.707],[23.199,68.638],[22.399,68.728],[21.984,69.073],[21.687,69.238],[21.605,69.278],[21.533,69.285],[21.291,69.309],[21.041,69.238],[21.012,69.184],[21.072,69.113],[21.02,69.062],[20.728,69.105],[20.549,69.06],[20.205,69.025],[20.305,68.804],[20.039,68.566],[20.119,68.459],[19.944,68.377],[18.438,68.569],[18.126,68.537],[18.114,68.166],[17.9,67.984],[17.651,68.041],[17.287,68.108],[16.726,67.896],[16.452,67.569],[16.115,67.46],[16.386,67.209],[16.371,67.051],[16.046,66.913],[15.561,66.57],[15.4,66.483],[15.454,66.345],[15.482,66.282],[15.305,66.233],[15.036,66.154],[14.951,66.15],[14.872,66.147],[14.681,66.139],[14.63,66.137],[14.517,66.132],[14.529,66.096],[14.569,65.969],[14.612,65.813],[14.513,65.579],[14.498,65.306],[14.379,65.247],[14.326,65.119],[13.704,64.612],[14.095,64.434],[14.139,64.195],[14.112,64.167],[13.986,64.032],[13.199,64.092],[12.688,63.976],[12.175,63.599],[12.182,63.532],[12.188,63.485],[12.108,63.392],[12.017,63.284],[12.052,63.183],[12.196,63.005],[12.091,62.895],[12.123,62.745],[12.062,62.62],[12.255,62.331],[12.299,62.267],[12.156,61.729],[12.402,61.577],[12.615,61.535],[12.845,61.369],[12.841,61.279],[12.67,61.056],[12.269,60.991],[12.588,60.496],[12.475,60.101],[12.204,59.913],[11.84,59.841],[11.927,59.79],[11.907,59.691],[11.723,59.574],[11.826,59.238],[11.78,59.185],[11.636,58.911],[11.484,58.892],[11.461,58.989],[11.365,59.089],[11.35,59.106],[11.15,59.117],[11.008,59.036],[10.887,59.068],[10.67,59.335],[10.686,59.489],[10.576,59.73],[10.647,59.828],[10.765,59.83],[10.762,59.878],[10.714,59.883],[10.642,59.912],[10.497,59.788],[10.567,59.673],[10.601,59.653],[10.615,59.59],[10.567,59.545],[10.535,59.517],[10.434,59.532],[10.424,59.68],[10.372,59.708],[10.321,59.691],[10.381,59.61],[10.364,59.489],[10.473,59.395],[10.461,59.111],[10.342,59.162],[10.176,59.032],[9.92,58.983],[9.839,59.044],[9.578,58.856],[9.399,58.839],[9.366,58.771],[9.22,58.727],[8.793,58.407],[8.185,58.143],[7.63,57.992],[7.18,58.045],[7.027,58.009],[6.653,58.085],[6.648,58.197],[6.438,58.291],[5.702,58.546],[5.531,58.719],[5.622,59.025],[5.791,59.146],[5.815,59.031],[5.915,59.007],[5.961,59.268],[6.087,59.315],[5.898,59.431],[5.839,59.348],[5.601,59.292],[5.459,59.193],[5.349,59.221],[5.211,59.159],[5.206,59.369],[5.303,59.481],[5.301,59.591],[5.513,59.712],[5.514,59.575],[5.457,59.498],[5.551,59.556],[5.597,59.66],[5.82,59.645],[5.717,59.816],[6.046,60.058],[6.059,60.18],[5.691,59.976],[5.421,59.743],[5.229,59.65],[5.157,59.675],[5.139,59.891],[5.689,60.133],[5.596,60.209],[5.416,60.173],[5.258,60.212],[5.204,60.052],[5.018,60.185],[4.872,60.493],[4.968,60.539],[4.894,60.742],[5.14,60.84],[4.994,60.943],[5.229,61.089],[4.955,61.201],[4.986,61.36],[5.124,61.557],[4.995,61.885],[5.23,62.084],[5.493,62.018],[5.428,62.175],[5.526,62.237],[5.544,62.377],[6.348,62.346],[6.346,62.399],[6.151,62.463],[6.24,62.617],[6.663,62.647],[6.978,62.921],[7.554,63.079],[8.132,63.071],[8.096,63.22],[8.651,63.392],[8.755,63.424],[8.405,63.485],[8.538,63.616],[8.515,63.716],[8.655,63.83],[8.796,63.792],[8.898,63.664],[9.116,63.635],[9.223,63.529],[9.73,63.617],[9.889,63.485],[10.001,63.392],[10.052,63.392],[10.25,63.442],[10.854,63.439],[10.955,63.717],[10.169,63.532],[9.971,63.516],[9.64,63.756],[9.705,63.836],[9.948,63.921],[9.957,64.049],[10.121,64.167],[10.162,64.195],[10.227,64.242],[10.254,64.271],[10.428,64.317],[10.51,64.429],[11.145,64.673],[10.842,64.841],[10.863,64.934],[11.514,64.943],[11.698,65.08],[11.939,65.149],[11.965,65.141],[11.969,65.123],[11.925,65.097],[12.046,65.062],[12.123,65.444],[12.54,65.816],[12.472,66.015],[12.504,66.113],[12.719,66.11],[12.998,66.214],[13.108,66.455],[13.325,66.711],[14.08,67.112],[14.363,67.206],[14.769,67.48],[15.15,67.574],[15.276,67.691],[15.232,67.737],[14.908,67.707],[14.85,67.805],[14.909,67.895],[15.426,67.935],[15.507,68.102],[15.935,68.194],[16.214,68.02],[16.294,68.316],[16.258,68.383],[16.016,68.434],[15.22,68.27],[14.839,68.251],[14.715,68.169],[14.587,68.224],[14.169,68.21],[13.663,68.125],[13.59,68.155],[13.606,68.216],[13.847,68.306],[14.313,68.321],[15.242,68.551],[15.463,68.726],[15.594,69.069],[16.043,69.262],[16.059,69.185],[15.857,68.986],[16.006,68.756],[16.41,68.955],[16.737,68.734],[17.41,68.887],[17.456,69.081],[17.144,69.058],[16.984,69.103],[17.081,69.371],[17.353,69.488],[17.733,69.534],[18.401,69.418],[18.26,69.654],[18.878,70.099],[19.184,70.142],[19.475,70.037],[19.755,69.739],[20.215,69.863],[20.332,69.572],[20.683,69.899],[20.554,70.078],[20.596,70.149],[20.809,70.111],[21.043,69.906],[21.345,69.964],[21.762,69.956],[21.442,70.201],[21.755,70.314],[22.36,70.267],[23.35,70.549],[23.631,70.529],[23.816,70.671],[24.221,70.598],[24.382,70.666],[24.458,70.829],[24.647,70.945],[25.192,70.902],[25.528,71.115],[25.86,71.078],[25.847,70.937]]],[[[15.287,68.9],[15.354,68.829],[15.283,68.769],[15.362,68.711],[15.356,68.679],[14.928,68.56],[14.943,68.529],[14.872,68.5],[14.732,68.499],[14.694,68.56],[14.85,68.601],[14.777,68.668],[14.49,68.601],[14.407,68.669],[14.493,68.794],[14.769,68.848],[14.924,68.78],[14.968,68.805],[14.872,68.884],[14.872,68.934],[15.052,68.9],[15.016,68.984],[15.132,69.008],[15.268,68.959],[15.287,68.9]]],[[[23.424,70.815],[23.097,70.63],[23.097,70.596],[22.766,70.512],[22.213,70.512],[22.195,70.532],[22.306,70.602],[22.257,70.638],[22.397,70.702],[22.687,70.642],[22.767,70.741],[22.962,70.678],[23.097,70.72],[23.097,70.814],[23.253,70.788],[23.343,70.857],[23.424,70.815]]],[[[13.019,67.884],[12.85,67.84],[12.846,67.889],[13.069,68.073],[13.402,68.144],[13.382,68.04],[13.12,67.939],[13.019,67.884]]],[[[8.198,63.328],[8.058,63.281],[7.824,63.333],[7.804,63.392],[7.803,63.448],[7.987,63.482],[8.112,63.472],[8.219,63.392],[8.198,63.328]]],[[[19.757,70.251],[19.763,70.16],[19.831,70.208],[19.886,70.165],[20.009,70.118],[20,70.069],[19.885,70.049],[19.748,70.058],[19.687,70.098],[19.671,70.161],[19.507,70.232],[19.587,70.283],[19.757,70.251]]],[[[4.825,61.066],[4.79,61.028],[4.7,61.051],[4.588,60.956],[4.534,61.01],[4.565,61.071],[4.716,61.096],[4.814,61.136],[4.825,61.066]]],[[[12.002,65.643],[11.914,65.577],[11.775,65.643],[11.781,65.687],[11.96,65.733],[12.002,65.643]]],[[[12.992,66.636],[12.955,66.592],[12.927,66.627],[12.968,66.69],[13.06,66.718],[13.048,66.817],[13.109,66.817],[13.173,66.742],[13.089,66.727],[13.082,66.642],[12.992,66.636]]],[[[12.318,65.821],[12.244,65.811],[12.218,66.045],[12.261,66.056],[12.28,65.968],[12.348,65.862],[12.318,65.821]]],[[[24.039,71.021],[24.041,70.967],[24.122,70.977],[24.155,70.924],[23.981,70.915],[23.924,71.019],[24.039,71.021]]],[[[12.945,66.414],[12.863,66.374],[12.805,66.409],[12.852,66.475],[12.943,66.475],[12.945,66.414]]],[[[24.81,71.089],[24.768,71.022],[24.622,71.07],[24.694,71.118],[24.81,71.089]]],[[[19.536,70.133],[19.516,70.085],[19.339,70.138],[19.383,70.174],[19.536,70.133]]],[[[12.608,66.326],[12.521,66.306],[12.478,66.352],[12.536,66.392],[12.638,66.37],[12.608,66.326]]],[[[25.919,70.681],[25.801,70.641],[25.757,70.682],[25.886,70.74],[25.919,70.681]]],[[[5.905,59.272],[5.856,59.21],[5.767,59.219],[5.79,59.302],[5.905,59.272]]],[[[12.87,66.25],[12.757,66.22],[12.757,66.311],[12.854,66.311],[12.87,66.25]]],[[[26.197,71.006],[26.082,70.981],[26.057,71.004],[26.166,71.071],[26.23,71.052],[26.197,71.006]]],[[[12.701,66.611],[12.66,66.531],[12.564,66.548],[12.596,66.62],[12.701,66.611]]],[[[12.875,66.627],[12.865,66.521],[12.759,66.603],[12.809,66.649],[12.875,66.627]]],[[[12.414,66.163],[12.339,66.106],[12.276,66.151],[12.329,66.223],[12.414,66.163]]],[[[13.838,67.156],[13.651,67.142],[13.652,67.19],[13.848,67.194],[13.838,67.156]]],[[[6.6,62.822],[6.571,62.774],[6.464,62.781],[6.445,62.802],[6.473,62.828],[6.579,62.851],[6.6,62.822]]],[[[4.909,59.317],[4.886,59.237],[4.819,59.241],[4.774,59.32],[4.909,59.317]]],[[[14.008,67.427],[13.955,67.372],[13.845,67.411],[13.903,67.466],[14.008,67.427]]],[[[14.7,67.53],[14.62,67.49],[14.545,67.531],[14.68,67.594],[14.7,67.53]]],[[[14.411,67.388],[14.322,67.368],[14.257,67.403],[14.405,67.464],[14.411,67.388]]],[[[14.157,67.459],[14.075,67.393],[14.03,67.413],[14.08,67.521],[14.157,67.459]]],[[[12.517,66.799],[12.534,66.736],[12.409,66.738],[12.377,66.797],[12.517,66.799]]],[[[22.166,70.598],[22.016,70.573],[21.989,70.597],[22.092,70.664],[22.166,70.598]]],[[[10.884,64.737],[10.811,64.688],[10.727,64.762],[10.766,64.797],[10.884,64.737]]],[[[4.907,61.724],[4.89,61.611],[4.816,61.636],[4.823,61.723],[4.907,61.724]]],[[[11.78,65.708],[11.748,65.694],[11.666,65.755],[11.79,65.819],[11.78,65.708]]],[[[14.035,67.275],[13.918,67.187],[13.901,67.268],[13.947,67.309],[14.035,67.275]]],[[[13.691,67.081],[13.692,67],[13.559,67.03],[13.542,67.064],[13.691,67.081]]],[[[11.97,67.397],[11.804,67.389],[11.784,67.414],[11.808,67.436],[11.97,67.442],[11.97,67.397]]],[[[20.289,70.244],[20.214,70.186],[20.172,70.299],[20.205,70.327],[20.289,70.244]]],[[[16.748,68.926],[16.681,68.898],[16.64,68.952],[16.658,69.004],[16.728,69.002],[16.748,68.926]]],[[[12.178,65.923],[12.166,65.883],[12.117,65.913],[12.149,65.946],[12.178,65.923]]],[[[12.187,65.832],[12.161,65.825],[12.137,65.854],[12.163,65.883],[12.19,65.871],[12.187,65.832]]]]}}]}